id,warehouse_id,location_id,product_main_code,product_id/id,product_uom,product_min_qty,product_max_qty
count_feb2016_floor2_1,สำเร็จรูป สาทร ชั้น 2,สาทร ชั้น 2,8857121670719,product_N-F8306-1,เล่ม,2500,0
count_feb2016_floor2_2,สำเร็จรูป สาทร ชั้น 2,สาทร ชั้น 2,N-TS-470L,product_N-TS-470L,เล่ม,7000,0
count_feb2016_floor2_3,สำเร็จรูป สาทร ชั้น 2,สาทร ชั้น 2,649519,product_649519,เล่ม,45000,0
count_feb2016_floor2_4,สำเร็จรูป สาทร ชั้น 2,สาทร ชั้น 2,N-TS-NO5NL,product_N-TS-NO5NL,เล่ม,5000,0
count_feb2016_floor2_5,สำเร็จรูป สาทร ชั้น 2,สาทร ชั้น 2,N-TS-A70L,product_N-TS-A70L,เล่ม,500,0
count_feb2016_floor2_6,สำเร็จรูป สาทร ชั้น 2,สาทร ชั้น 2,N-TS-A70NL,product_N-TS-A70NL,เล่ม,1000,0
count_feb2016_floor2_7,สำเร็จรูป สาทร ชั้น 2,สาทร ชั้น 2,N-TS-AA100L,product_N-TS-AA100L,เล่ม,2000,0
count_feb2016_floor2_8,สำเร็จรูป สาทร ชั้น 2,สาทร ชั้น 2,103138,product_103138,เล่ม,0,0
count_feb2016_floor2_9,สำเร็จรูป สาทร ชั้น 2,สาทร ชั้น 2,N-PV-13,product_N-PV-13,เล่ม,0,0
count_feb2016_floor2_10,สำเร็จรูป สาทร ชั้น 2,สาทร ชั้น 2,N-PV-A4206,product_N-PV-A4206,เล่ม,7000,0
count_feb2016_floor2_11,สำเร็จรูป สาทร ชั้น 2,สาทร ชั้น 2,N-PV-A4406B,product_N-PV-A4406B,เล่ม,500,0
count_feb2016_floor2_12,สำเร็จรูป สาทร ชั้น 2,สาทร ชั้น 2,N-PV-A4406,product_N-PV-A4406,เล่ม,6000,0
count_feb2016_floor2_13,สำเร็จรูป สาทร ชั้น 2,สาทร ชั้น 2,N-PV-A4506,product_N-PV-A4506,เล่ม,3000,0
count_feb2016_floor2_14,สำเร็จรูป สาทร ชั้น 2,สาทร ชั้น 2,311806,__export__.product_product_6932,เล่ม,1000,0
count_feb2016_floor2_15,สำเร็จรูป สาทร ชั้น 2,สาทร ชั้น 2,103107,product_103107,เล่ม,0,0
count_feb2016_floor2_16,สำเร็จรูป สาทร ชั้น 2,สาทร ชั้น 2,312648,product_63_182505,เล่ม,1500,0
count_feb2016_floor2_17,สำเร็จรูป สาทร ชั้น 2,สาทร ชั้น 2,984984,product_984984,เล่ม,5500,0
count_feb2016_floor2_18,สำเร็จรูป สาทร ชั้น 2,สาทร ชั้น 2,N-PVC-136,product_N-PVC-136,เล่ม,1000,0
count_feb2016_floor2_19,สำเร็จรูป สาทร ชั้น 2,สาทร ชั้น 2,N-PVC-188,product_N-PVC-188,เล่ม,200,0
count_feb2016_floor2_20,สำเร็จรูป สาทร ชั้น 2,สาทร ชั้น 2,N-PVC-199,product_N-PVC-199,เล่ม,200,0
count_feb2016_floor2_21,สำเร็จรูป สาทร ชั้น 2,สาทร ชั้น 2,N-PVC-747,product_N-PVC-747,เล่ม,500,0
count_feb2016_floor2_22,สำเร็จรูป สาทร ชั้น 2,สาทร ชั้น 2,N-TA-60G12100C,product_N-TA-60G12100C,เล่ม,50,0
count_feb2016_floor2_23,สำเร็จรูป สาทร ชั้น 2,สาทร ชั้น 2,N-TA-60G12100PVC,product_N-TA-60G12100PVC,เล่ม,100,0
count_feb2016_floor2_24,สำเร็จรูป สาทร ชั้น 2,สาทร ชั้น 2,114225,product_114225,เล่ม,2000,0
count_feb2016_floor2_25,สำเร็จรูป สาทร ชั้น 2,สาทร ชั้น 2,N-TA-60G2070PVC,product_N-TA-60G2070PVC,เล่ม,200,0
count_feb2016_floor2_26,สำเร็จรูป สาทร ชั้น 2,สาทร ชั้น 2,114232,product_114232,เล่ม,3000,0
count_feb2016_floor2_27,สำเร็จรูป สาทร ชั้น 2,สาทร ชั้น 2,N-TA-100G12100,product_N-TA-100G12100,เล่ม,300,0
count_feb2016_floor2_28,สำเร็จรูป สาทร ชั้น 2,สาทร ชั้น 2,N-TA-100G12150,product_N-TA-100G12150,เล่ม,200,0
count_feb2016_floor2_29,สำเร็จรูป สาทร ชั้น 2,สาทร ชั้น 2,N-TA-100G12200,product_N-TA-100G12200,เล่ม,150,0
count_feb2016_floor2_30,สำเร็จรูป สาทร ชั้น 2,สาทร ชั้น 2,N-TA-100G9100,product_N-TA-100G9100,เล่ม,150,0
count_feb2016_floor2_31,สำเร็จรูป สาทร ชั้น 2,สาทร ชั้น 2,N-TA-100G9150,product_N-TA-100G9150,เล่ม,100,0
count_feb2016_floor2_32,สำเร็จรูป สาทร ชั้น 2,สาทร ชั้น 2,N-TA-100G9200,product_N-TA-100G9200,เล่ม,200,0
count_feb2016_floor2_33,สำเร็จรูป สาทร ชั้น 2,สาทร ชั้น 2,N-TA-70G12100,product_N-TA-70G12100,เล่ม,400,0
count_feb2016_floor2_34,สำเร็จรูป สาทร ชั้น 2,สาทร ชั้น 2,140002,product_140002,เล่ม,3000,0
count_feb2016_floor2_35,สำเร็จรูป สาทร ชั้น 2,สาทร ชั้น 2,N-TA-70G12150,product_N-TA-70G12150,เล่ม,120,0
count_feb2016_floor2_36,สำเร็จรูป สาทร ชั้น 2,สาทร ชั้น 2,N-TA-70G12200,product_N-TA-70G12200,เล่ม,150,0
count_feb2016_floor2_37,สำเร็จรูป สาทร ชั้น 2,สาทร ชั้น 2,N-TA-70G9100,product_N-TA-70G9100,เล่ม,150,0
count_feb2016_floor2_38,สำเร็จรูป สาทร ชั้น 2,สาทร ชั้น 2,N-TA-70G9150,product_N-TA-70G9150,เล่ม,100,0
count_feb2016_floor2_39,สำเร็จรูป สาทร ชั้น 2,สาทร ชั้น 2,N-TA-70G9200,product_N-TA-70G9200,เล่ม,120,0
count_feb2016_floor2_40,สำเร็จรูป สาทร ชั้น 2,สาทร ชั้น 2,N-TA-80GAA20100,product_N-TA-80GAA20100,เล่ม,300,0
count_feb2016_floor2_41,สำเร็จรูป สาทร ชั้น 2,สาทร ชั้น 2,N-TA-80GAA20150,product_N-TA-80GAA20150,เล่ม,150,0
count_feb2016_floor2_42,สำเร็จรูป สาทร ชั้น 2,สาทร ชั้น 2,N-TA-80GAA20200,product_N-TA-80GAA20200,เล่ม,150,0
count_feb2016_floor2_43,สำเร็จรูป สาทร ชั้น 2,สาทร ชั้น 2,N-TA-55G20100,product_N-TA-55G20100,เล่ม,1000,0
count_feb2016_floor2_44,สำเร็จรูป สาทร ชั้น 2,สาทร ชั้น 2,139528,product_139528,เล่ม,5000,0
count_feb2016_floor2_45,สำเร็จรูป สาทร ชั้น 2,สาทร ชั้น 2,N-TA-55G20150,product_N-TA-55G20150,เล่ม,350,0
count_feb2016_floor2_46,สำเร็จรูป สาทร ชั้น 2,สาทร ชั้น 2,N-TA-55G20200,product_N-TA-55G20200,เล่ม,500,0
count_feb2016_floor2_47,สำเร็จรูป สาทร ชั้น 2,สาทร ชั้น 2,N-TA-55GA20200,product_N-TA-55GA20200,เล่ม,120,0
count_feb2016_floor2_48,สำเร็จรูป สาทร ชั้น 2,สาทร ชั้น 2,N-TA-60G842C,product_N-TA-60G842C,เล่ม,0,0
count_feb2016_floor2_49,สำเร็จรูป สาทร ชั้น 2,สาทร ชั้น 2,N-TA-55G12100,product_N-TA-55G12100,เล่ม,150,0
count_feb2016_floor2_50,สำเร็จรูป สาทร ชั้น 2,สาทร ชั้น 2,N-TA-55G12150,product_N-TA-55G12150,เล่ม,50,0
count_feb2016_floor2_51,สำเร็จรูป สาทร ชั้น 2,สาทร ชั้น 2,N-TA-55G12200,product_N-TA-55G12200,เล่ม,50,0
count_feb2016_floor2_52,สำเร็จรูป สาทร ชั้น 2,สาทร ชั้น 2,N-TA-55G840,product_N-TA-55G840,เล่ม,0,0
count_feb2016_floor2_53,สำเร็จรูป สาทร ชั้น 2,สาทร ชั้น 2,N-WA-GL850,product_N-WA-GL850,เล่ม,20,0
count_feb2016_floor2_54,สำเร็จรูป สาทร ชั้น 2,สาทร ชั้น 2,N-WA-GL8100,product_N-WA-GL8100,เล่ม,10,0
count_feb2016_floor2_55,สำเร็จรูป สาทร ชั้น 2,สาทร ชั้น 2,N-WA-GL550,product_N-WA-GL550,เล่ม,100,0
count_feb2016_floor2_56,สำเร็จรูป สาทร ชั้น 2,สาทร ชั้น 2,N-WA-GL5100,product_N-WA-GL5100,เล่ม,100,0
count_feb2016_floor2_57,สำเร็จรูป สาทร ชั้น 2,สาทร ชั้น 2,N-WA-8D550,product_N-WA-8D550,เล่ม,40,0
count_feb2016_floor2_58,สำเร็จรูป สาทร ชั้น 2,สาทร ชั้น 2,N-WA-8D5100,product_N-WA-8D5100,เล่ม,20,0
count_feb2016_floor2_59,สำเร็จรูป สาทร ชั้น 2,สาทร ชั้น 2,N-WA-5S550,product_N-WA-5S550,เล่ม,15,0
count_feb2016_floor2_60,สำเร็จรูป สาทร ชั้น 2,สาทร ชั้น 2,N-WA-5S5100,product_N-WA-5S5100,เล่ม,50,0
count_feb2016_floor2_61,สำเร็จรูป สาทร ชั้น 2,สาทร ชั้น 2,N-WA-5D550,product_N-WA-5D550,เล่ม,40,0
count_feb2016_floor2_62,สำเร็จรูป สาทร ชั้น 2,สาทร ชั้น 2,N-WA-5D5100,product_N-WA-5D5100,เล่ม,50,0
count_feb2016_floor2_63,สำเร็จรูป สาทร ชั้น 2,สาทร ชั้น 2,N-WA-4S550,product_N-WA-4S550,เล่ม,20,0
count_feb2016_floor2_64,สำเร็จรูป สาทร ชั้น 2,สาทร ชั้น 2,N-WA-4S5100,product_N-WA-4S5100,เล่ม,50,0
count_feb2016_floor2_65,สำเร็จรูป สาทร ชั้น 2,สาทร ชั้น 2,N-WA-4D550,product_N-WA-4D550,เล่ม,40,0
count_feb2016_floor2_66,สำเร็จรูป สาทร ชั้น 2,สาทร ชั้น 2,N-WA-4D5100,product_N-WA-4D5100,เล่ม,40,0
count_feb2016_floor2_67,สำเร็จรูป สาทร ชั้น 2,สาทร ชั้น 2,N-WA-3S850,product_N-WA-3S850,เล่ม,10,0
count_feb2016_floor2_68,สำเร็จรูป สาทร ชั้น 2,สาทร ชั้น 2,N-WA-3S8100,product_N-WA-3S8100,เล่ม,15,0
count_feb2016_floor2_69,สำเร็จรูป สาทร ชั้น 2,สาทร ชั้น 2,N-WA-3S550,product_N-WA-3S550,เล่ม,100,0
count_feb2016_floor2_70,สำเร็จรูป สาทร ชั้น 2,สาทร ชั้น 2,N-WA-3S5200,product_N-WA-3S5200,เล่ม,15,0
count_feb2016_floor2_71,สำเร็จรูป สาทร ชั้น 2,สาทร ชั้น 2,N-WA-3S5150,product_N-WA-3S5150,เล่ม,10,0
count_feb2016_floor2_72,สำเร็จรูป สาทร ชั้น 2,สาทร ชั้น 2,N-WA-3S5100,product_N-WA-3S5100,เล่ม,150,0
count_feb2016_floor2_73,สำเร็จรูป สาทร ชั้น 2,สาทร ชั้น 2,N-WA-3D850,product_N-WA-3D850,เล่ม,15,0
count_feb2016_floor2_74,สำเร็จรูป สาทร ชั้น 2,สาทร ชั้น 2,N-WA-3D8100,product_N-WA-3D8100,เล่ม,0,0
count_feb2016_floor2_75,สำเร็จรูป สาทร ชั้น 2,สาทร ชั้น 2,N-WA-3D550,product_N-WA-3D550,เล่ม,150,0
count_feb2016_floor2_76,สำเร็จรูป สาทร ชั้น 2,สาทร ชั้น 2,135239,product_135239,เล่ม,1200,0
count_feb2016_floor2_77,สำเร็จรูป สาทร ชั้น 2,สาทร ชั้น 2,N-WA-3D5200,product_N-WA-3D5200,เล่ม,12,0
count_feb2016_floor2_78,สำเร็จรูป สาทร ชั้น 2,สาทร ชั้น 2,N-WA-3D5150,product_N-WA-3D5150,เล่ม,30,0
count_feb2016_floor2_79,สำเร็จรูป สาทร ชั้น 2,สาทร ชั้น 2,N-WA-3D5100,product_N-WA-3D5100,เล่ม,200,0
count_feb2016_floor2_80,สำเร็จรูป สาทร ชั้น 2,สาทร ชั้น 2,N-WA-2S850,product_N-WA-2S850,เล่ม,18,0
count_feb2016_floor2_81,สำเร็จรูป สาทร ชั้น 2,สาทร ชั้น 2,N-WA-2S8100,product_N-WA-2S8100,เล่ม,10,0
count_feb2016_floor2_82,สำเร็จรูป สาทร ชั้น 2,สาทร ชั้น 2,N-WA-2S550,product_N-WA-2S550,เล่ม,150,0
count_feb2016_floor2_83,สำเร็จรูป สาทร ชั้น 2,สาทร ชั้น 2,N-WA-2S5200,product_N-WA-2S5200,เล่ม,15,0
count_feb2016_floor2_84,สำเร็จรูป สาทร ชั้น 2,สาทร ชั้น 2,N-WA-2S5150,product_N-WA-2S5150,เล่ม,2,0
count_feb2016_floor2_85,สำเร็จรูป สาทร ชั้น 2,สาทร ชั้น 2,N-WA-2S5100,product_N-WA-2S5100,เล่ม,150,0
count_feb2016_floor2_86,สำเร็จรูป สาทร ชั้น 2,สาทร ชั้น 2,N-WA-2D850,product_N-WA-2D850,เล่ม,5,0
count_feb2016_floor2_87,สำเร็จรูป สาทร ชั้น 2,สาทร ชั้น 2,N-WA-2D8100,product_N-WA-2D8100,เล่ม,5,0
count_feb2016_floor2_88,สำเร็จรูป สาทร ชั้น 2,สาทร ชั้น 2,N-WA-2D550,product_N-WA-2D550,เล่ม,200,0
count_feb2016_floor2_89,สำเร็จรูป สาทร ชั้น 2,สาทร ชั้น 2,135230,product_135230,เล่ม,1200,0
count_feb2016_floor2_90,สำเร็จรูป สาทร ชั้น 2,สาทร ชั้น 2,N-WA-2D5200,product_N-WA-2D5200,เล่ม,20,0
count_feb2016_floor2_91,สำเร็จรูป สาทร ชั้น 2,สาทร ชั้น 2,N-WA-2D5150,product_N-WA-2D5150,เล่ม,0,0
count_feb2016_floor2_92,สำเร็จรูป สาทร ชั้น 2,สาทร ชั้น 2,N-WA-2D5100,product_N-WA-2D5100,เล่ม,300,0
count_feb2016_floor2_93,สำเร็จรูป สาทร ชั้น 2,สาทร ชั้น 2,N-WA-10D550,product_N-WA-10D550,เล่ม,150,0
count_feb2016_floor2_94,สำเร็จรูป สาทร ชั้น 2,สาทร ชั้น 2,N-WA-10D5200,product_N-WA-10D5200,เล่ม,5,0
count_feb2016_floor2_95,สำเร็จรูป สาทร ชั้น 2,สาทร ชั้น 2,N-WA-10D5150,product_N-WA-10D5150,เล่ม,10,0
count_feb2016_floor2_96,สำเร็จรูป สาทร ชั้น 2,สาทร ชั้น 2,N-GA-12D4100,product_N-GA-12D4100,เล่ม,10,0
count_feb2016_floor2_97,สำเร็จรูป สาทร ชั้น 2,สาทร ชั้น 2,N-GA-12D450,product_N-GA-12D450,เล่ม,15,0
count_feb2016_floor2_98,สำเร็จรูป สาทร ชั้น 2,สาทร ชั้น 2,N-GA-14D4100,product_N-GA-14D4100,เล่ม,30,0
count_feb2016_floor2_99,สำเร็จรูป สาทร ชั้น 2,สาทร ชั้น 2,N-GA-14D450,product_N-GA-14D450,เล่ม,30,0
count_feb2016_floor2_100,สำเร็จรูป สาทร ชั้น 2,สาทร ชั้น 2,N-GA-16D3100,product_N-GA-16D3100,เล่ม,1,0
count_feb2016_floor2_101,สำเร็จรูป สาทร ชั้น 2,สาทร ชั้น 2,N-GA-16D350,product_N-GA-16D350,เล่ม,0,0
count_feb2016_floor2_102,สำเร็จรูป สาทร ชั้น 2,สาทร ชั้น 2,N-GA-18D3100,product_N-GA-18D3100,เล่ม,1,0
count_feb2016_floor2_103,สำเร็จรูป สาทร ชั้น 2,สาทร ชั้น 2,N-GA-18D350,product_N-GA-18D350,เล่ม,9,0
count_feb2016_floor2_104,สำเร็จรูป สาทร ชั้น 2,สาทร ชั้น 2,N-GA-21D3100,product_N-GA-21D3100,เล่ม,30,0
count_feb2016_floor2_105,สำเร็จรูป สาทร ชั้น 2,สาทร ชั้น 2,N-GA-21D350,product_N-GA-21D350,เล่ม,30,0
count_feb2016_floor2_106,สำเร็จรูป สาทร ชั้น 2,สาทร ชั้น 2,N-GA-3S550,product_N-GA-3S550,เล่ม,0,0
count_feb2016_floor2_107,สำเร็จรูป สาทร ชั้น 2,สาทร ชั้น 2,N-GA-3S5100,product_N-GA-3S5100,เล่ม,0,0
count_feb2016_floor2_108,สำเร็จรูป สาทร ชั้น 2,สาทร ชั้น 2,N-GA-3D550,product_N-GA-3D550,เล่ม,0,0
count_feb2016_floor2_109,สำเร็จรูป สาทร ชั้น 2,สาทร ชั้น 2,N-GA-3D5100,product_N-GA-3D5100,เล่ม,0,0
count_feb2016_floor2_110,สำเร็จรูป สาทร ชั้น 2,สาทร ชั้น 2,N-GA-2D550,product_N-GA-2D550,เล่ม,6,0
count_feb2016_floor2_111,สำเร็จรูป สาทร ชั้น 2,สาทร ชั้น 2,N-GA-516D3100,product_N-GA-516D3100,เล่ม,5,0
count_feb2016_floor2_112,สำเร็จรูป สาทร ชั้น 2,สาทร ชั้น 2,N-GA-516D350,product_N-GA-516D350,เล่ม,5,0
count_feb2016_floor2_113,สำเร็จรูป สาทร ชั้น 2,สาทร ชั้น 2,N-MIS-CTM1120,product_N-MIS-CTM1120,เล่ม,3500,0
count_feb2016_floor2_114,สำเร็จรูป สาทร ชั้น 2,สาทร ชั้น 2,N-MIS-CTB1120,product_N-MIS-CTB1120,เล่ม,3000,0
count_feb2016_floor2_115,สำเร็จรูป สาทร ชั้น 2,สาทร ชั้น 2,N-MIS-PEON18100,product_N-MIS-PEON18100,เล่ม,300,0
count_feb2016_floor2_116,สำเร็จรูป สาทร ชั้น 2,สาทร ชั้น 2,N-MIS-DW1830,product_N-MIS-DW1830,เล่ม,5000,0
count_feb2016_floor2_117,สำเร็จรูป สาทร ชั้น 2,สาทร ชั้น 2,N-MIS-PEON1850,product_N-MIS-PEON1850,เล่ม,300,0
count_feb2016_floor2_118,สำเร็จรูป สาทร ชั้น 2,สาทร ชั้น 2,N-MIS-BIGONE980,__export__.product_product_6942,เล่ม,150,0
count_feb2016_floor2_119,สำเร็จรูป สาทร ชั้น 2,สาทร ชั้น 2,N-MIS-TAA440,product_N-MIS-TAA440,เล่ม,500,0
count_feb2016_floor2_120,สำเร็จรูป สาทร ชั้น 2,สาทร ชั้น 2,N-MIS-GLA440,product_N-MIS-GLA440,เล่ม,200,0
count_feb2016_floor2_121,สำเร็จรูป สาทร ชั้น 2,สาทร ชั้น 2,N-MIS-TANO1,product_N-MIS-TANO1,เล่ม,0,0
count_feb2016_floor2_122,สำเร็จรูป สาทร ชั้น 2,สาทร ชั้น 2,N-MIS-TANO2,product_N-MIS-TANO2,เล่ม,0,0
count_feb2016_floor2_123,สำเร็จรูป สาทร ชั้น 2,สาทร ชั้น 2,N-MIS-MV810100,product_N-MIS-MV810100,เล่ม,3000,0
count_feb2016_floor2_124,สำเร็จรูป สาทร ชั้น 2,สาทร ชั้น 2,N-MIS-GB01,product_N-MIS-GB01,เล่ม,1500,0
count_feb2016_floor2_125,สำเร็จรูป สาทร ชั้น 2,สาทร ชั้น 2,N-MIS-CTB02,product_N-MIS-CTB02,เล่ม,4000,0
count_feb2016_floor2_126,สำเร็จรูป สาทร ชั้น 2,สาทร ชั้น 2,N-MIS-CTM01,product_N-MIS-CTM01,เล่ม,10000,0
count_feb2016_floor2_127,สำเร็จรูป สาทร ชั้น 2,สาทร ชั้น 2,N-MIS-NO333,product_N-MIS-NO333,เล่ม,10000,0
count_feb2016_floor2_128,สำเร็จรูป สาทร ชั้น 2,สาทร ชั้น 2,N-MIS-NO940,product_N-MIS-NO940,เล่ม,500,0
count_feb2016_floor2_129,สำเร็จรูป สาทร ชั้น 2,สาทร ชั้น 2,124950,product_124950,เล่ม,15000,0
count_feb2016_floor2_130,สำเร็จรูป สาทร ชั้น 2,สาทร ชั้น 2,N-MIS-UNI980,product_N-MIS-UNI980,เล่ม,4000,0
count_feb2016_floor2_131,สำเร็จรูป สาทร ชั้น 2,สาทร ชั้น 2,N-HVC-55G4100,product_N-HVC-55G4100,เล่ม,30,0
count_feb2016_floor2_132,สำเร็จรูป สาทร ชั้น 2,สาทร ชั้น 2,N-HVC-55G5100,product_N-HVC-55G5100,เล่ม,400,0
count_feb2016_floor2_133,สำเร็จรูป สาทร ชั้น 2,สาทร ชั้น 2,482482,product_482482,เล่ม,0,0
count_feb2016_floor2_134,สำเร็จรูป สาทร ชั้น 2,สาทร ชั้น 2,N-HVT-100G4100,product_N-HVT-100G4100,เล่ม,400,0
count_feb2016_floor2_135,สำเร็จรูป สาทร ชั้น 2,สาทร ชั้น 2,N-HVT-100G4150,product_N-HVT-100G4150,เล่ม,150,0
count_feb2016_floor2_136,สำเร็จรูป สาทร ชั้น 2,สาทร ชั้น 2,N-HVT-100G4200,product_N-HVT-100G4200,เล่ม,150,0
count_feb2016_floor2_137,สำเร็จรูป สาทร ชั้น 2,สาทร ชั้น 2,N-HVT-100G5100,product_N-HVT-100G5100,เล่ม,500,0
count_feb2016_floor2_138,สำเร็จรูป สาทร ชั้น 2,สาทร ชั้น 2,N-HVT-100G5150,product_N-HVT-100G5150,เล่ม,200,0
count_feb2016_floor2_139,สำเร็จรูป สาทร ชั้น 2,สาทร ชั้น 2,N-HVT-100G5200,product_N-HVT-100G5200,เล่ม,200,0
count_feb2016_floor2_140,สำเร็จรูป สาทร ชั้น 2,สาทร ชั้น 2,N-HVT-100G550,product_N-HVT-100G550,เล่ม,300,0
count_feb2016_floor2_141,สำเร็จรูป สาทร ชั้น 2,สาทร ชั้น 2,N-HVT-100G8100,product_N-HVT-100G8100,เล่ม,100,0
count_feb2016_floor2_142,สำเร็จรูป สาทร ชั้น 2,สาทร ชั้น 2,N-HVT-70G5150,product_N-HVT-70G5150,เล่ม,250,0
count_feb2016_floor2_143,สำเร็จรูป สาทร ชั้น 2,สาทร ชั้น 2,N-HVT-70G5200,product_N-HVT-70G5200,เล่ม,600,0
count_feb2016_floor2_144,สำเร็จรูป สาทร ชั้น 2,สาทร ชั้น 2,N-HVT-70G8100,product_N-HVT-70G8100,เล่ม,800,0
count_feb2016_floor2_145,สำเร็จรูป สาทร ชั้น 2,สาทร ชั้น 2,N-HVT-80G4100,product_N-HVT-80G4100,เล่ม,1000,0
count_feb2016_floor2_146,สำเร็จรูป สาทร ชั้น 2,สาทร ชั้น 2,140001,product_140001,เล่ม,1500,0
count_feb2016_floor2_147,สำเร็จรูป สาทร ชั้น 2,สาทร ชั้น 2,N-HVT-80G4150,product_N-HVT-80G4150,เล่ม,270,0
count_feb2016_floor2_148,สำเร็จรูป สาทร ชั้น 2,สาทร ชั้น 2,N-HVT-80G4200,product_N-HVT-80G4200,เล่ม,500,0
count_feb2016_floor2_149,สำเร็จรูป สาทร ชั้น 2,สาทร ชั้น 2,N-HV-121006,product_N-HV-201006,เล่ม,1500,0
count_feb2016_floor2_150,สำเร็จรูป สาทร ชั้น 2,สาทร ชั้น 2,444059,product_444059,เล่ม,2500,0
count_feb2016_floor2_151,สำเร็จรูป สาทร ชั้น 2,สาทร ชั้น 2,8859070300280,__export__.product_product_7808,เล่ม,500,0
count_feb2016_floor2_152,สำเร็จรูป สาทร ชั้น 2,สาทร ชั้น 2,N-HV-201006,product_N-HV-121006,เล่ม,1300,0
count_feb2016_floor2_153,สำเร็จรูป สาทร ชั้น 2,สาทร ชั้น 2,444058,product_444058,เล่ม,2000,0
count_feb2016_floor2_154,สำเร็จรูป สาทร ชั้น 2,สาทร ชั้น 2,8859070300297,__export__.product_product_7809,เล่ม,500,0
count_feb2016_floor2_155,สำเร็จรูป สาทร ชั้น 2,สาทร ชั้น 2,N-BV-2706,product_N-BV-2706,เล่ม,1766,0
count_feb2016_floor2_156,สำเร็จรูป สาทร ชั้น 2,สาทร ชั้น 2,8857121670153,product_N-BV-2706-1,เล่ม,800,0
count_feb2016_floor2_157,สำเร็จรูป สาทร ชั้น 2,สาทร ชั้น 2,N-HV-91006,product_N-HV-91006,เล่ม,1500,0
count_feb2016_floor2_158,สำเร็จรูป สาทร ชั้น 2,สาทร ชั้น 2,N-HV-51007,product_N-HV-51007,เล่ม,3000,0
count_feb2016_floor2_159,สำเร็จรูป สาทร ชั้น 2,สาทร ชั้น 2,8857121670160,product_N-HV-51007-1,เล่ม,2000,0
count_feb2016_floor2_160,สำเร็จรูป สาทร ชั้น 2,สาทร ชั้น 2,8859070300273,__export__.product_product_7807,เล่ม,500,0
count_feb2016_floor2_161,สำเร็จรูป สาทร ชั้น 2,สาทร ชั้น 2,26000,product_26000,เล่ม,4000,0
count_feb2016_floor2_162,สำเร็จรูป สาทร ชั้น 2,สาทร ชั้น 2,N-HV-91007,product_N-HV-91007,เล่ม,200,0
count_feb2016_floor2_163,สำเร็จรูป สาทร ชั้น 2,สาทร ชั้น 2,N-HVDW-A51007,product_N-HVDW-A51007,เล่ม,500,0
count_feb2016_floor2_164,สำเร็จรูป สาทร ชั้น 2,สาทร ชั้น 2,N-HVDW-A6807,__export__.product_product_6722,เล่ม,50,0
count_feb2016_floor2_165,สำเร็จรูป สาทร ชั้น 2,สาทร ชั้น 2,444057,product_444057,เล่ม,0,0
count_feb2016_floor2_166,สำเร็จรูป สาทร ชั้น 2,สาทร ชั้น 2,N-HVS-100G18100,product_N-HVS-100G18100,เล่ม,200,0
count_feb2016_floor2_167,สำเร็จรูป สาทร ชั้น 2,สาทร ชั้น 2,N-HVS-100G5100,product_N-HVS-100G5100,เล่ม,600,0
count_feb2016_floor2_168,สำเร็จรูป สาทร ชั้น 2,สาทร ชั้น 2,N-HVS-100G5150,product_N-HVS-100G5150,เล่ม,20,0
count_feb2016_floor2_169,สำเร็จรูป สาทร ชั้น 2,สาทร ชั้น 2,N-HVS-100G5200,product_N-HVS-100G5200,เล่ม,50,0
count_feb2016_floor2_170,สำเร็จรูป สาทร ชั้น 2,สาทร ชั้น 2,N-HVS-100G8100,product_N-HVS-100G8100,เล่ม,800,0
count_feb2016_floor2_171,สำเร็จรูป สาทร ชั้น 2,สาทร ชั้น 2,N-HVS-100G8150,product_N-HVS-100G8150,เล่ม,30,0
count_feb2016_floor2_172,สำเร็จรูป สาทร ชั้น 2,สาทร ชั้น 2,N-HVS-100G8200,product_N-HVS-100G8200,เล่ม,40,0
count_feb2016_floor2_173,สำเร็จรูป สาทร ชั้น 2,สาทร ชั้น 2,N-HVS-100G9100,product_N-HVS-100G9100,เล่ม,1200,0
count_feb2016_floor2_174,สำเร็จรูป สาทร ชั้น 2,สาทร ชั้น 2,N-HVS-100G9150,product_N-HVS-100G9150,เล่ม,20,0
count_feb2016_floor2_175,สำเร็จรูป สาทร ชั้น 2,สาทร ชั้น 2,N-HVS-100G9200,product_N-HVS-100G9200,เล่ม,30,0
count_feb2016_floor2_176,สำเร็จรูป สาทร ชั้น 2,สาทร ชั้น 2,N-BL-2260,product_N-BL-2260,เล่ม,300,0
count_feb2016_floor2_177,สำเร็จรูป สาทร ชั้น 2,สาทร ชั้น 2,N-BL-260C,product_N-BL-260C,เล่ม,1500,0
count_feb2016_floor2_178,สำเร็จรูป สาทร ชั้น 2,สาทร ชั้น 2,N-BL-270PVC,product_N-BL-270PVC,เล่ม,500,0
count_feb2016_floor2_179,สำเร็จรูป สาทร ชั้น 2,สาทร ชั้น 2,8859070300303,__export__.product_product_7810,เล่ม,0,0
count_feb2016_floor2_180,สำเร็จรูป สาทร ชั้น 2,สาทร ชั้น 2,N-BL-4260,product_N-BL-4260,เล่ม,100,0
count_feb2016_floor2_181,สำเร็จรูป สาทร ชั้น 2,สาทร ชั้น 2,N-BL-452C,product_N-BL-452C,เล่ม,300,0
count_feb2016_floor2_182,สำเร็จรูป สาทร ชั้น 2,สาทร ชั้น 2,N-BL-480,product_N-BL-480,เล่ม,1200,0
count_feb2016_floor2_183,สำเร็จรูป สาทร ชั้น 2,สาทร ชั้น 2,N-BL-250C,product_N-BL-250C,เล่ม,600,0
count_feb2016_floor2_184,สำเร็จรูป สาทร ชั้น 2,สาทร ชั้น 2,N-PPT-9306,product_N-PPT-9306,เล่ม,0,0
count_feb2016_floor2_185,สำเร็จรูป สาทร ชั้น 2,สาทร ชั้น 2,N-PPN-16607,product_N-PPN-16607,เล่ม,5000,0
count_feb2016_floor2_186,สำเร็จรูป สาทร ชั้น 2,สาทร ชั้น 2,143720,product_143720,เล่ม,2500,0
count_feb2016_floor2_187,สำเร็จรูป สาทร ชั้น 2,สาทร ชั้น 2,N-PPT-16327,__export__.product_product_6964,เล่ม,1200,0
count_feb2016_floor2_188,สำเร็จรูป สาทร ชั้น 2,สาทร ชั้น 2,N-PPT-32307,product_N-PPT-32307,เล่ม,2000,0
count_feb2016_floor2_189,สำเร็จรูป สาทร ชั้น 2,สาทร ชั้น 2,444029,product_444029,เล่ม,12000,0
count_feb2016_floor2_190,สำเร็จรูป สาทร ชั้น 2,สาทร ชั้น 2,N-PPT-8307,product_N-PPT-8307,เล่ม,1000,0
count_feb2016_floor2_191,สำเร็จรูป สาทร ชั้น 2,สาทร ชั้น 2,8857121670092,product_N-PPT-8307-1,เล่ม,2500,0
count_feb2016_floor2_192,สำเร็จรูป สาทร ชั้น 2,สาทร ชั้น 2,N-PPB-8607,product_N-PPB-8607,เล่ม,500,0
count_feb2016_floor2_193,สำเร็จรูป สาทร ชั้น 2,สาทร ชั้น 2,N-PPW-8607,product_N-PPW-8607,เล่ม,1000,0
count_feb2016_floor2_194,สำเร็จรูป สาทร ชั้น 2,สาทร ชั้น 2,8857121670283,product_N-PPW-8607-1,เล่ม,1500,0
count_feb2016_floor2_195,สำเร็จรูป สาทร ชั้น 2,สาทร ชั้น 2,N-PPW-A51007,product_N-PPW-A51007,เล่ม,300,0
count_feb2016_floor2_196,สำเร็จรูป สาทร ชั้น 2,สาทร ชั้น 2,8857121670122,product_N-PPW-A51007-1,เล่ม,1300,0
count_feb2016_floor2_197,สำเร็จรูป สาทร ชั้น 2,สาทร ชั้น 2,N-PPB-A5607,product_N-PPB-A5607,เล่ม,1500,0
count_feb2016_floor2_198,สำเร็จรูป สาทร ชั้น 2,สาทร ชั้น 2,N-PPBD-A5607,product_N-PPBD-A5607,เล่ม,1500,0
count_feb2016_floor2_199,สำเร็จรูป สาทร ชั้น 2,สาทร ชั้น 2,N-PPW-A6407,product_N-PPW-A6407,เล่ม,600,0
count_feb2016_floor2_200,สำเร็จรูป สาทร ชั้น 2,สาทร ชั้น 2,8857121670269,product_N-PPW-A6407-1,เล่ม,2200,0
count_feb2016_floor2_201,สำเร็จรูป สาทร ชั้น 2,สาทร ชั้น 2,N-PPW-A7607,product_N-PPW-A7607,เล่ม,400,0
count_feb2016_floor2_202,สำเร็จรูป สาทร ชั้น 2,สาทร ชั้น 2,8857121670276,product_N-PPW-A7607-1,เล่ม,2500,0
count_feb2016_floor2_203,สำเร็จรูป สาทร ชั้น 2,สาทร ชั้น 2,N-PVC-A58080,product_N-PVC-A58080,เล่ม,600,0
count_feb2016_floor2_204,สำเร็จรูป สาทร ชั้น 2,สาทร ชั้น 2,8857121670771,product_N-PP-1660POOH,เล่ม,0,0
count_feb2016_floor2_205,สำเร็จรูป สาทร ชั้น 2,สาทร ชั้น 2,8857121670863,product_N-PP-1660MICKEY,เล่ม,0,0
count_feb2016_floor2_206,สำเร็จรูป สาทร ชั้น 2,สาทร ชั้น 2,8857121670764,product_N-PP-860POOR,เล่ม,0,0
count_feb2016_floor2_207,สำเร็จรูป สาทร ชั้น 2,สาทร ชั้น 2,8857121670856,product_N-PP-860MICKEY,เล่ม,0,0
count_feb2016_floor2_208,สำเร็จรูป สาทร ชั้น 2,สาทร ชั้น 2,N-PPW-OF-8507-1,product_N-PPW-OF-8507-1,เล่ม,1500,0
count_feb2016_floor2_209,สำเร็จรูป สาทร ชั้น 2,สาทร ชั้น 2,N-PPW-OF-A5807-1,product_N-PPW-OF-A5807-1,เล่ม,1200,0
count_feb2016_floor2_210,สำเร็จรูป สาทร ชั้น 2,สาทร ชั้น 2,N-PPW-OF-A6807-1,product_N-PPW-OF-A6807-1,เล่ม,500,0
count_feb2016_floor2_211,สำเร็จรูป สาทร ชั้น 2,สาทร ชั้น 2,N-PPN-A5607,__export__.product_product_6949,เล่ม,2000,0
count_feb2016_floor2_212,สำเร็จรูป สาทร ชั้น 2,สาทร ชั้น 2,N-KI-8307,__export__.product_product_7612,เล่ม,800,0
count_feb2016_floor2_213,สำเร็จรูป สาทร ชั้น 2,สาทร ชั้น 2,N-KI-A73075,__export__.product_product_7723,เล่ม,2000,0
count_feb2016_floor2_214,สำเร็จรูป สาทร ชั้น 2,สาทร ชั้น 2,N-AF5,product_N-AF5,เล่ม,7000,0
count_feb2016_floor2_215,สำเร็จรูป สาทร ชั้น 2,สาทร ชั้น 2,N-AF10,product_N-AF10,เล่ม,12000,0
count_feb2016_floor2_216,สำเร็จรูป สาทร ชั้น 2,สาทร ชั้น 2,N-F-A6306,product_N-FA6306,เล่ม,3000,0
count_feb2016_floor2_217,สำเร็จรูป สาทร ชั้น 2,สาทร ชั้น 2,N-FA7306,product_N-FA7306,เล่ม,2000,0
count_feb2016_floor2_218,สำเร็จรูป สาทร ชั้น 2,สาทร ชั้น 2,8857121670733,product_N-830POOH,เล่ม,0,0
count_feb2016_floor2_219,สำเร็จรูป สาทร ชั้น 2,สาทร ชั้น 2,8857121670825,product_N-8MICKEY,เล่ม,0,0
count_feb2016_floor2_220,สำเร็จรูป สาทร ชั้น 2,สาทร ชั้น 2,8857121670023,product_N-AF5-1,เล่ม,4000,0
count_feb2016_floor2_221,สำเร็จรูป สาทร ชั้น 2,สาทร ชั้น 2,8857121670801,product_N-918GP,เล่ม,3000,0
count_feb2016_floor2_222,สำเร็จรูป สาทร ชั้น 2,สาทร ชั้น 2,8857121670788,product_N-918POOH,เล่ม,0,0
count_feb2016_floor2_223,สำเร็จรูป สาทร ชั้น 2,สาทร ชั้น 2,8857121670726,product_N-930POOH,เล่ม,0,0
count_feb2016_floor2_224,สำเร็จรูป สาทร ชั้น 2,สาทร ชั้น 2,8857121670818,product_N-9MICKEY,เล่ม,0,0
count_feb2016_floor2_225,สำเร็จรูป สาทร ชั้น 2,สาทร ชั้น 2,N-NV2506CC,product_N-NV2506CC,เล่ม,800,0
count_feb2016_floor2_226,สำเร็จรูป สาทร ชั้น 2,สาทร ชั้น 2,N-AF10PB,product_N-AF10PB,เล่ม,10000,0
count_feb2016_floor2_227,สำเร็จรูป สาทร ชั้น 2,สาทร ชั้น 2,N-NV-8307,product_N-NV-8307,เล่ม,200,0
count_feb2016_floor2_228,สำเร็จรูป สาทร ชั้น 2,สาทร ชั้น 2,N-PBF-8407,product_N-PBF-8407,เล่ม,300,0
count_feb2016_floor2_229,สำเร็จรูป สาทร ชั้น 2,สาทร ชั้น 2,N-NV-9407,product_N-NV-9407,เล่ม,1500,0
count_feb2016_floor2_230,สำเร็จรูป สาทร ชั้น 2,สาทร ชั้น 2,N-DWF8407,product_N-DWF8407,เล่ม,1500,0
count_feb2016_floor2_231,สำเร็จรูป สาทร ชั้น 2,สาทร ชั้น 2,N-PN-G940,product_N-PN-G940,เล่ม,20000,0
count_feb2016_floor2_232,สำเร็จรูป สาทร ชั้น 2,สาทร ชั้น 2,N-PN-G980,product_N-PN-G980,เล่ม,10000,0
count_feb2016_floor2_233,สำเร็จรูป สาทร ชั้น 2,สาทร ชั้น 2,N-PN-5L940,product_N-PN-5L940,เล่ม,20000,0
count_feb2016_floor2_234,สำเร็จรูป สาทร ชั้น 2,สาทร ชั้น 2,N-PN-5L980,product_N-PN-5L980,เล่ม,15000,0
count_feb2016_floor2_235,สำเร็จรูป สาทร ชั้น 2,สาทร ชั้น 2,N-PN-HW930,product_N-PN-HW930,เล่ม,5000,0
count_feb2016_floor2_236,สำเร็จรูป สาทร ชั้น 2,สาทร ชั้น 2,N-PN-S940,product_N-PN-S940,เล่ม,60000,0
count_feb2016_floor2_237,สำเร็จรูป สาทร ชั้น 2,สาทร ชั้น 2,N-PN-H940,product_N-PN-H940,เล่ม,40000,0
count_feb2016_floor2_238,สำเร็จรูป สาทร ชั้น 2,สาทร ชั้น 2,N-PN-S980,product_N-PN-S980,เล่ม,30000,0
count_feb2016_floor2_239,สำเร็จรูป สาทร ชั้น 2,สาทร ชั้น 2,N-PN-H980,product_N-PN-H980,เล่ม,15000,0
count_feb2016_floor2_240,สำเร็จรูป สาทร ชั้น 2,สาทร ชั้น 2,N-D410,product_N-D410,เล่ม,9000,0
count_feb2016_floor2_241,สำเร็จรูป สาทร ชั้น 2,สาทร ชั้น 2,N-D-810,product_N-D810,เล่ม,17000,0
count_feb2016_floor2_242,สำเร็จรูป สาทร ชั้น 2,สาทร ชั้น 2,950950,product_950950,เล่ม,10000,0
count_feb2016_floor2_243,สำเร็จรูป สาทร ชั้น 2,สาทร ชั้น 2,N-DV-410150,product_N-DV-410150,เล่ม,5000,0
count_feb2016_floor2_244,สำเร็จรูป สาทร ชั้น 2,สาทร ชั้น 2,N-D-614,product_N-D-614,เล่ม,1000,0
count_feb2016_floor2_245,สำเร็จรูป สาทร ชั้น 2,สาทร ชั้น 2,N-D-640,product_N-D-640,เล่ม,500,0
count_feb2016_floor2_246,สำเร็จรูป สาทร ชั้น 2,สาทร ชั้น 2,N-PV-1340 Q-BIZ,__export__.product_product_7549,เล่ม,0,0
count_feb2016_floor2_247,สำเร็จรูป สาทร ชั้น 2,สาทร ชั้น 2,N-F-32307,__export__.product_product_7550,เล่ม,100,0
count_feb2016_floor2_248,สำเร็จรูป สาทร ชั้น 2,สาทร ชั้น 2,N-PU Notebook-A5Key,__export__.product_product_7524,เล่ม,34,0
count_feb2016_floor2_249,สำเร็จรูป สาทร ชั้น 2,สาทร ชั้น 2,N-PU Notebook-B5Key,__export__.product_product_7525,เล่ม,25,0
count_feb2016_floor2_250,สำเร็จรูป สาทร ชั้น 2,สาทร ชั้น 2,N-HVP-S1008,__export__.product_product_6962,เล่ม,100,0
count_feb2016_floor2_251,สำเร็จรูป สาทร ชั้น 2,สาทร ชั้น 2,N-HV-A5807,__export__.product_product_6951,เล่ม,130,0
count_feb2016_floor2_252,สำเร็จรูป สาทร ชั้น 2,สาทร ชั้น 2,N-HV-A61007,__export__.product_product_6950,เล่ม,20,0
count_feb2016_floor2_253,สำเร็จรูป สาทร ชั้น 2,สาทร ชั้น 2,N-HVDW-SS-607,__export__.product_product_6953,เล่ม,100,0
count_feb2016_floor2_254,สำเร็จรูป สาทร ชั้น 2,สาทร ชั้น 2,N-HVDW-L807,__export__.product_product_6952,เล่ม,250,0
count_feb2016_floor2_255,สำเร็จรูป สาทร ชั้น 2,สาทร ชั้น 2,N-HVDW-B6707,__export__.product_product_6958,เล่ม,100,0
count_feb2016_floor2_256,สำเร็จรูป สาทร ชั้น 2,สาทร ชั้น 2,N-HVDW-8907-Index-LT,__export__.product_product_7522,เล่ม,25,0
count_feb2016_floor2_258,สำเร็จรูป สาทร ชั้น 2,สาทร ชั้น 2,312305,__export__.product_product_7530,เล่ม,100,0
count_feb2016_floor2_259,สำเร็จรูป สาทร ชั้น 2,สาทร ชั้น 2,312303,__export__.product_product_6921,เล่ม,60,0
count_feb2016_floor2_260,สำเร็จรูป สาทร ชั้น 2,สาทร ชั้น 2,N-HVDW-SP-A58075,__export__.product_product_6948,เล่ม,150,0
count_feb2016_floor2_261,สำเร็จรูป สาทร ชั้น 2,สาทร ชั้น 2,8859070300051,product_N-HVDW-SP-A58075,เล่ม,600,0
count_feb2016_floor2_263,สำเร็จรูป สาทร ชั้น 2,สาทร ชั้น 2,N-F-A6248,__export__.product_product_6959,เล่ม,30,0
count_feb2016_floor2_264,สำเร็จรูป สาทร ชั้น 2,สาทร ชั้น 2,N-F8248-4C,__export__.product_product_6961,เล่ม,200,0
count_feb2016_floor2_265,สำเร็จรูป สาทร ชั้น 2,สาทร ชั้น 2,N-NV-M-GR6075,__export__.product_product_6947,เล่ม,400,0
count_feb2016_floor2_266,สำเร็จรูป สาทร ชั้น 2,สาทร ชั้น 2,3454305,product_3454305,เล่ม,2000,0
count_feb2016_floor2_267,สำเร็จรูป สาทร ชั้น 2,สาทร ชั้น 2,N-NV2506C,product_N-NV2506C,เล่ม,500,0
count_feb2016_floor2_268,สำเร็จรูป สาทร ชั้น 2,สาทร ชั้น 2,N-NVSS-GR6075,__export__.product_product_6933,เล่ม,150,0
count_feb2016_floor2_269,สำเร็จรูป สาทร ชั้น 2,สาทร ชั้น 2,N-PBS-10065,__export__.product_product_6960,เล่ม,0,0
count_feb2016_floor2_270,สำเร็จรูป สาทร ชั้น 2,สาทร ชั้น 2,N-NV-A5507,__export__.product_product_6946,เล่ม,1000,0
count_feb2016_floor2_271,สำเร็จรูป สาทร ชั้น 2,สาทร ชั้น 2,N-NV-A5807,__export__.product_product_7655,เล่ม,300,0
count_feb2016_floor2_272,สำเร็จรูป สาทร ชั้น 2,สาทร ชั้น 2,N-DWFA6407,__export__.product_product_6943,เล่ม,500,0
count_feb2016_floor2_273,สำเร็จรูป สาทร ชั้น 2,สาทร ชั้น 2,N-DWFTA6407,__export__.product_product_6944,เล่ม,500,0
count_feb2016_floor2_274,สำเร็จรูป สาทร ชั้น 2,สาทร ชั้น 2,N-DWFT-A7704,__export__.product_product_6945,เล่ม,500,0
count_feb2016_floor2_275,สำเร็จรูป สาทร ชั้น 2,สาทร ชั้น 2,8857121670757,product_N-860POOH,เล่ม,0,0
count_feb2016_floor2_276,สำเร็จรูป สาทร ชั้น 2,สาทร ชั้น 2,8857121670849,product_N-860MICKEY,เล่ม,0,0
count_feb2016_floor2_277,สำเร็จรูป สาทร ชั้น 2,สาทร ชั้น 2,N-DG-A410100,__export__.product_product_6956,เล่ม,400,0
count_feb2016_floor2_278,สำเร็จรูป สาทร ชั้น 2,สาทร ชั้น 2,N-D-DWF-A430100,__export__.product_product_6954,เล่ม,200,0
count_feb2016_floor2_279,สำเร็จรูป สาทร ชั้น 2,สาทร ชั้น 2,N-D-DWF-B430120,__export__.product_product_6955,เล่ม,30,0
count_feb2016_floor2_280,สำเร็จรูป สาทร ชั้น 2,สาทร ชั้น 2,311791,__export__.product_product_7529,เล่ม,300,0
count_feb2016_floor2_281,สำเร็จรูป สาทร ชั้น 2,สาทร ชั้น 2,311792,__export__.product_product_7531,เล่ม,200,0
count_feb2016_floor2_283,สำเร็จรูป สาทร ชั้น 2,สาทร ชั้น 2,8859070300044,product_N-NVSS-GR6075-1,เล่ม,700,0
count_feb2016_floor2_284,สำเร็จรูป สาทร ชั้น 2,สาทร ชั้น 2,312595,__export__.product_product_6920,เล่ม,1000,0
count_feb2016_floor2_285,สำเร็จรูป สาทร ชั้น 2,สาทร ชั้น 2,311793,__export__.product_product_7575,เล่ม,70,0
count_feb2016_floor2_286,สำเร็จรูป สาทร ชั้น 2,สาทร ชั้น 2,194527,product_194527,เล่ม,1500,0
count_feb2016_floor2_287,สำเร็จรูป สาทร ชั้น 2,สาทร ชั้น 2,194528,product_194528,เล่ม,1000,0
count_feb2016_floor2_288,สำเร็จรูป สาทร ชั้น 2,สาทร ชั้น 2,444048,product_444048,เล่ม,25000,0
count_feb2016_floor2_289,สำเร็จรูป สาทร ชั้น 2,สาทร ชั้น 2,192472,product_192472,เล่ม,7000,0
count_feb2016_floor2_290,สำเร็จรูป สาทร ชั้น 2,สาทร ชั้น 2,192403,product_192403,เล่ม,1000,0
count_feb2016_floor2_291,สำเร็จรูป สาทร ชั้น 2,สาทร ชั้น 2,192412,product_192412,เล่ม,11016,0
count_feb2016_floor2_292,สำเร็จรูป สาทร ชั้น 2,สาทร ชั้น 2,311806,__export__.product_product_6932,เล่ม,1000,0
count_feb2016_floor2_293,สำเร็จรูป สาทร ชั้น 2,สาทร ชั้น 2,312648,product_63_182505,เล่ม,1500,0
count_feb2016_floor2_294,สำเร็จรูป สาทร ชั้น 2,สาทร ชั้น 2,8859070300105,product_N-HV-121006-1,เล่ม,2000,0
count_feb2016_floor2_295,สำเร็จรูป สาทร ชั้น 2,สาทร ชั้น 2,8859070300112,product_N-HV-201006-1,เล่ม,1200,0
count_feb2016_floor2_296,สำเร็จรูป สาทร ชั้น 2,สาทร ชั้น 2,8859070300068,product_N-HVA5807,เล่ม,300,0
count_feb2016_floor2_297,สำเร็จรูป สาทร ชั้น 2,สาทร ชั้น 2,8859070300075,product_N-HVDW-L807,เล่ม,1000,0
count_feb2016_floor2_298,สำเร็จรูป สาทร ชั้น 2,สาทร ชั้น 2,8857121670337,product_N-HVDW-A51007-1,เล่ม,1000,0
count_feb2016_floor2_299,สำเร็จรูป สาทร ชั้น 2,สาทร ชั้น 2,8857121670108,product_N-PPN-16607-1,เล่ม,3000,0
count_feb2016_floor2_300,สำเร็จรูป สาทร ชั้น 2,สาทร ชั้น 2,8859070300129,product_N-PPT-32307-1,เล่ม,2000,0
count_feb2016_floor2_301,สำเร็จรูป สาทร ชั้น 2,สาทร ชั้น 2,8857121670702,product_N-AF10-1,เล่ม,2000,0
count_feb2016_floor2_302,สำเร็จรูป สาทร ชั้น 2,สาทร ชั้น 2,8859070300037,product_N-NV-M-GR6075,เล่ม,1000,0
count_feb2016_floor2_303,สำเร็จรูป สาทร ชั้น 2,สาทร ชั้น 2,8859070300013,product_N-DWET-A6407,เล่ม,600,0
count_feb2016_floor2_304,สำเร็จรูป สาทร ชั้น 2,สาทร ชั้น 2,8859070300020,product_N-DWET-A7704,เล่ม,600,0
count_feb2016_floor2_305,สำเร็จรูป สาทร ชั้น 2,สาทร ชั้น 2,8857121670313,product_N-DW-P-810,เล่ม,2000,0
count_feb2016_floor2_306,สำเร็จรูป สาทร ชั้น 2,สาทร ชั้น 2,8859070300082,product_N-DWF-B430120,เล่ม,200,0
count_feb2016_floor2_307,สำเร็จรูป สาทร ชั้น 2,สาทร ชั้น 2,8857121670245,product_N-FA6306-1,เล่ม,4500,0
count_feb2016_floor2_308,สำเร็จรูป สาทร ชั้น 2,สาทร ชั้น 2,8857121670252,product_N-FA7306-1,เล่ม,5000,0
count_feb2016_floor2_309,สำเร็จรูป สาทร ชั้น 2,สาทร ชั้น 2,8857121670078,product_N-PBF-8407-1,เล่ม,1500,0
count_feb2016_floor2_310,สำเร็จรูป สาทร ชั้น 2,สาทร ชั้น 2,8857121670054,product_N-NV-8307-1,เล่ม,1000,0
count_feb2016_floor2_311,สำเร็จรูป สาทร ชั้น 2,สาทร ชั้น 2,8857121670047,product_N-NV-9407-1,เล่ม,1500,0
count_feb2016_floor2_312,สำเร็จรูป สาทร ชั้น 2,สาทร ชั้น 2,8857121670177,product_N-PV-A4506-1,เล่ม,2000,0
count_feb2016_floor2_313,สำเร็จรูป สาทร ชั้น 2,สาทร ชั้น 2,8859070300099,product_N-GNB-B5407-1,เล่ม,1500,0
count_feb2016_floor2_314,สำเร็จรูป สาทร ชั้น 2,สาทร ชั้น 2,8857121670832,product_N-PV-A4MICKEY,เล่ม,0,0
count_feb2016_floor2_315,สำเร็จรูป สาทร ชั้น 2,สาทร ชั้น 2,163038,product_163038,เล่ม,0,0
count_feb2016_floor2_316,สำเร็จรูป สาทร ชั้น 2,สาทร ชั้น 2,311862,product_178495,เล่ม,15,0
count_feb2016_floor2_320,สำเร็จรูป สาทร ชั้น 2,สาทร ชั้น 2,311863,product_163037,เล่ม,20,0
count_feb2016_floor2_321,สำเร็จรูป สาทร ชั้น 2,สาทร ชั้น 2,N-WA-10D5100,product_N-WA-10D5100,เล่ม,100,0
count_feb2016_floor2_322,สำเร็จรูป สาทร ชั้น 2,สาทร ชั้น 2,312586,product_162871,เล่ม,150,0
count_feb2016_floor2_323,สำเร็จรูป สาทร ชั้น 2,สาทร ชั้น 2,315368,product_176094,เล่ม,0,0
count_feb2016_floor2_324,สำเร็จรูป สาทร ชั้น 2,สาทร ชั้น 2,163048,product_163048,เล่ม,0,0
count_feb2016_floor2_325,สำเร็จรูป สาทร ชั้น 2,สาทร ชั้น 2,312596,product_176899,เล่ม,162,0
count_feb2016_floor2_326,สำเร็จรูป สาทร ชั้น 2,สาทร ชั้น 2,312597,product_176900,เล่ม,10,0
count_feb2016_floor2_327,สำเร็จรูป สาทร ชั้น 2,สาทร ชั้น 2,312598,product_176901,เล่ม,-4,0
count_feb2016_floor2_328,สำเร็จรูป สาทร ชั้น 2,สาทร ชั้น 2,162698,product_162698,เล่ม,0,0
count_feb2016_floor2_330,สำเร็จรูป สาทร ชั้น 2,สาทร ชั้น 2,312589,product_176895,เล่ม,558,0
count_feb2016_floor2_331,สำเร็จรูป สาทร ชั้น 2,สาทร ชั้น 2,312295,product_219567,เล่ม,100,0
count_feb2016_floor2_332,สำเร็จรูป สาทร ชั้น 2,สาทร ชั้น 2,312296,product_219563,เล่ม,24,0
count_feb2016_floor2_334,สำเร็จรูป สาทร ชั้น 2,สาทร ชั้น 2,312590,product_162838,เล่ม,3000,0
count_feb2016_floor2_335,สำเร็จรูป สาทร ชั้น 2,สาทร ชั้น 2,176095,product_176095,เล่ม,0,0
count_feb2016_floor2_336,สำเร็จรูป สาทร ชั้น 2,สาทร ชั้น 2,312290,product_176103,เล่ม,50,0
count_feb2016_floor2_337,สำเร็จรูป สาทร ชั้น 2,สาทร ชั้น 2,312297,product_176150,เล่ม,20,0
count_feb2016_floor2_338,สำเร็จรูป สาทร ชั้น 2,สาทร ชั้น 2,312302,product_179656,เล่ม,40,0
count_feb2016_floor2_339,สำเร็จรูป สาทร ชั้น 2,สาทร ชั้น 2,312301,product_219564,เล่ม,30,0
count_feb2016_floor2_340,สำเร็จรูป สาทร ชั้น 2,สาทร ชั้น 2,312298,product_172860,เล่ม,60,0
count_feb2016_floor2_341,สำเร็จรูป สาทร ชั้น 2,สาทร ชั้น 2,312299,product_172858,เล่ม,200,0
count_feb2016_floor2_342,สำเร็จรูป สาทร ชั้น 2,สาทร ชั้น 2,312579,product_162857,เล่ม,2000,0
count_feb2016_floor2_343,สำเร็จรูป สาทร ชั้น 2,สาทร ชั้น 2,312583,product_162867,เล่ม,300,0
count_feb2016_floor2_344,สำเร็จรูป สาทร ชั้น 2,สาทร ชั้น 2,312581,product_176093,เล่ม,450,0
count_feb2016_floor2_345,สำเร็จรูป สาทร ชั้น 2,สาทร ชั้น 2,312580,product_176091,เล่ม,600,0
count_feb2016_floor2_346,สำเร็จรูป สาทร ชั้น 2,สาทร ชั้น 2,312291,product_176092,เล่ม,1000,0
count_feb2016_floor2_347,สำเร็จรูป สาทร ชั้น 2,สาทร ชั้น 2,312584,product_162868,เล่ม,500,0
count_feb2016_floor2_348,สำเร็จรูป สาทร ชั้น 2,สาทร ชั้น 2,312585,product_176896,เล่ม,50,0
count_feb2016_floor2_349,สำเร็จรูป สาทร ชั้น 2,สาทร ชั้น 2,312594,product_179654,เล่ม,200,0
count_feb2016_floor2_350,สำเร็จรูป สาทร ชั้น 2,สาทร ชั้น 2,312588,product_176096,เล่ม,200,0
count_feb2016_floor2_351,สำเร็จรูป สาทร ชั้น 2,สาทร ชั้น 2,315371,product_176898,เล่ม,0,0
count_feb2016_floor2_352,สำเร็จรูป สาทร ชั้น 2,สาทร ชั้น 2,312593,product_172859,เล่ม,200,0
count_feb2016_floor2_353,สำเร็จรูป สาทร ชั้น 2,สาทร ชั้น 2,312300,product_178496,เล่ม,30,0
count_feb2016_floor2_354,สำเร็จรูป สาทร ชั้น 2,สาทร ชั้น 2,312582,product_162861,เล่ม,1500,0
count_feb2016_floor2_355,สำเร็จรูป สาทร ชั้น 2,สาทร ชั้น 2,312587,product_162986,เล่ม,1500,0
count_feb2016_floor2_356,สำเร็จรูป สาทร ชั้น 2,สาทร ชั้น 2,312591,product_162849,เล่ม,100,0
count_feb2016_floor2_357,สำเร็จรูป สาทร ชั้น 2,สาทร ชั้น 2,312826,product_63_227851,เล่ม,150,0
count_feb2016_floor2_358,สำเร็จรูป สาทร ชั้น 2,สาทร ชั้น 2,312827,__export__.product_product_6931,เล่ม,100,0
count_feb2016_floor2_359,สำเร็จรูป สาทร ชั้น 2,สาทร ชั้น 2,312825,product_163024,เล่ม,100,0
count_feb2016_floor2_360,สำเร็จรูป สาทร ชั้น 2,สาทร ชั้น 2,4889013,product_4889013,เล่ม,200,0
count_feb2016_floor2_361,สำเร็จรูป สาทร ชั้น 2,สาทร ชั้น 2,4889015,product_4889015,เล่ม,120,0
count_feb2016_floor2_362,สำเร็จรูป สาทร ชั้น 2,สาทร ชั้น 2,1034415,__export__.product_product_7006,เล่ม,111,0
count_feb2016_floor2_363,สำเร็จรูป สาทร ชั้น 2,สาทร ชั้น 2,1034412,__export__.product_product_7013,เล่ม,60,0
count_feb2016_floor2_364,สำเร็จรูป สาทร ชั้น 2,สาทร ชั้น 2,1034413,__export__.product_product_7007,เล่ม,200,0
count_feb2016_floor2_365,สำเร็จรูป สาทร ชั้น 2,สาทร ชั้น 2,1034416,__export__.product_product_7003,เล่ม,20,0
count_feb2016_floor2_366,สำเร็จรูป สาทร ชั้น 2,สาทร ชั้น 2,1034414,__export__.product_product_7008,เล่ม,60,0
count_feb2016_floor2_367,สำเร็จรูป สาทร ชั้น 2,สาทร ชั้น 2,1034417,__export__.product_product_7004,เล่ม,200,0
count_feb2016_floor2_368,สำเร็จรูป สาทร ชั้น 2,สาทร ชั้น 2,1034421,__export__.product_product_6999,เล่ม,500,0
count_feb2016_floor2_369,สำเร็จรูป สาทร ชั้น 2,สาทร ชั้น 2,1034422,__export__.product_product_7000,เล่ม,500,0
count_feb2016_floor2_370,สำเร็จรูป สาทร ชั้น 2,สาทร ชั้น 2,1034423,__export__.product_product_7001,เล่ม,500,0
count_feb2016_floor2_371,สำเร็จรูป สาทร ชั้น 2,สาทร ชั้น 2,1034424,__export__.product_product_7002,เล่ม,300,0
count_feb2016_floor2_372,สำเร็จรูป สาทร ชั้น 2,สาทร ชั้น 2,1034420,__export__.product_product_6994,เล่ม,1200,0
count_feb2016_floor2_373,สำเร็จรูป สาทร ชั้น 2,สาทร ชั้น 2,1034425,__export__.product_product_7009,เล่ม,200,0
count_feb2016_floor2_374,สำเร็จรูป สาทร ชั้น 2,สาทร ชั้น 2,1034426,__export__.product_product_7010,เล่ม,0,0
count_feb2016_floor2_375,สำเร็จรูป สาทร ชั้น 2,สาทร ชั้น 2,1034419,__export__.product_product_7011,เล่ม,300,0
count_feb2016_floor2_376,สำเร็จรูป สาทร ชั้น 2,สาทร ชั้น 2,3906601,__export__.product_product_7602,เล่ม,500,0
count_feb2016_floor2_377,สำเร็จรูป สาทร ชั้น 2,สาทร ชั้น 2,N-PPN-A4507,__export__.product_product_7625,เล่ม,40,0
count_feb2016_floor2_378,สำเร็จรูป สาทร ชั้น 2,สาทร ชั้น 2,N-PPT-9407,__export__.product_product_6963,เล่ม,500,0
count_feb2016_floor2_379,สำเร็จรูป สาทร ชั้น 2,สาทร ชั้น 2,8859070300150,product_N-DR-B5-1,เล่ม,150,0
count_feb2016_floor2_380,สำเร็จรูป สาทร ชั้น 2,สาทร ชั้น 2,8859070300136,product_N-DR-A5ORG-1,เล่ม,0,0
count_feb2016_floor2_381,สำเร็จรูป สาทร ชั้น 2,สาทร ชั้น 2,8859070300143,product_N-DR-B6ORG-1,เล่ม,0,0
count_feb2016_floor2_382,สำเร็จรูป สาทร ชั้น 2,สาทร ชั้น 2,8859070300150,product_N-DR-B5-1,เล่ม,150,0
count_feb2016_floor2_383,สำเร็จรูป สาทร ชั้น 2,สาทร ชั้น 2,8857121670313,product_N-DW-P-810,เล่ม,2000,0
count_feb2016_floor2_384,สำเร็จรูป สาทร ชั้น 2,สาทร ชั้น 2,8859070300082,product_N-DWF-B430120,เล่ม,200,0
count_feb2016_floor2_385,สำเร็จรูป สาทร ชั้น 2,สาทร ชั้น 2,4889013,product_4889013,เล่ม,200,0
count_feb2016_floor2_386,สำเร็จรูป สาทร ชั้น 2,สาทร ชั้น 2,4889015,product_4889015,เล่ม,120,0
count_feb2016_floor2_388,สำเร็จรูป สาทร ชั้น 2,สาทร ชั้น 2,312826,product_63_227851,เล่ม,150,0
count_feb2016_floor2_389,สำเร็จรูป สาทร ชั้น 2,สาทร ชั้น 2,N-D-DWF-B430120,__export__.product_product_6955,เล่ม,30,0
count_feb2016_floor2_390,สำเร็จรูป สาทร ชั้น 2,สาทร ชั้น 2,8859070300082,product_N-DWF-B430120,เล่ม,200,0
count_feb2016_floor2_391,สำเร็จรูป สาทร ชั้น 2,สาทร ชั้น 2,312827,__export__.product_product_6931,เล่ม,100,0
count_feb2016_floor2_392,สำเร็จรูป สาทร ชั้น 2,สาทร ชั้น 2,N-DG-A410100,__export__.product_product_6956,เล่ม,400,0
count_feb2016_floor2_395,สำเร็จรูป สาทร ชั้น 2,สาทร ชั้น 2,312581,product_176093,เล่ม,450,0
count_feb2016_floor2_396,สำเร็จรูป สาทร ชั้น 2,สาทร ชั้น 2,312588,product_176096,เล่ม,200,0
count_feb2016_floor2_399,สำเร็จรูป สาทร ชั้น 2,สาทร ชั้น 2,8851419001964,__export__.product_product_7945,เล่ม,500,0
count_feb2016_floor2_400,สำเร็จรูป สาทร ชั้น 2,สาทร ชั้น 2,8851419008048,__export__.product_product_7957,เล่ม,200,0
count_feb2016_floor2_401,สำเร็จรูป สาทร ชั้น 2,สาทร ชั้น 2,8851419011369,__export__.product_product_7956,เล่ม,200,0
count_feb2016_floor2_402,สำเร็จรูป สาทร ชั้น 2,สาทร ชั้น 2,5203218,__export__.product_product_7925,เล่ม,0,0
count_feb2016_floor2_403,สำเร็จรูป สาทร ชั้น 2,สาทร ชั้น 2,8851419002039,__export__.product_product_7938,เล่ม,100,0
count_feb2016_floor2_404,สำเร็จรูป สาทร ชั้น 2,สาทร ชั้น 2,319929,__export__.product_product_8010,เล่ม,1000,0
count_feb2016_floor2_405,สำเร็จรูป สาทร ชั้น 2,สาทร ชั้น 2,8851419008819,__export__.product_product_7961,เล่ม,50,0
count_feb2016_floor2_406,สำเร็จรูป สาทร ชั้น 2,สาทร ชั้น 2,310143,product_182504,ห่อ,300,0
count_feb2016_floor2_407,สำเร็จรูป สาทร ชั้น 2,สาทร ชั้น 2,310142,product_182503,ห่อ,200,0
count_feb2016_floor2_408,สำเร็จรูป สาทร ชั้น 2,สาทร ชั้น 2,310140,product_182501,ห่อ,300,0
count_feb2016_floor2_409,สำเร็จรูป สาทร ชั้น 2,สาทร ชั้น 2,310141,product_182502,ห่อ,220,0
count_feb2016_floor2_410,สำเร็จรูป สาทร ชั้น 2,สาทร ชั้น 2,310789,product_182499,ห่อ,70,0
count_feb2016_floor2_411,สำเร็จรูป สาทร ชั้น 2,สาทร ชั้น 2,310790,product_182500,ห่อ,40,0
count_feb2016_floor2_412,สำเร็จรูป สาทร ชั้น 2,สาทร ชั้น 2,P-ANS-100,product_P-ANS-100,ห่อ,300,0
count_feb2016_floor2_413,สำเร็จรูป สาทร ชั้น 2,สาทร ชั้น 2,P-ANS-120,product_P-ANS-120,ห่อ,100,0
count_feb2016_floor2_414,สำเร็จรูป สาทร ชั้น 2,สาทร ชั้น 2,P-FS-NO150,product_P-FS-NO150,ห่อ,50,0
count_feb2016_floor2_415,สำเร็จรูป สาทร ชั้น 2,สาทร ชั้น 2,P-LG-008,product_P-LG-008,ห่อ,3,0
count_feb2016_floor2_416,สำเร็จรูป สาทร ชั้น 2,สาทร ชั้น 2,P-LG-001,product_P-LG-001,ห่อ,1,0
count_feb2016_floor2_417,สำเร็จรูป สาทร ชั้น 2,สาทร ชั้น 2,P-LG-002,product_P-LG-002,ห่อ,4,0
count_feb2016_floor2_418,สำเร็จรูป สาทร ชั้น 2,สาทร ชั้น 2,P-LG-013,product_P-LG-013,ห่อ,3,0
count_feb2016_floor2_419,สำเร็จรูป สาทร ชั้น 2,สาทร ชั้น 2,P-LG-011,product_P-LG-011,ห่อ,2,0
count_feb2016_floor2_420,สำเร็จรูป สาทร ชั้น 2,สาทร ชั้น 2,P-LG-009,product_P-LG-009,ห่อ,9,0
count_feb2016_floor2_421,สำเร็จรูป สาทร ชั้น 2,สาทร ชั้น 2,P-LG-003,product_P-LG-003,ห่อ,1,0
count_feb2016_floor2_422,สำเร็จรูป สาทร ชั้น 2,สาทร ชั้น 2,P-LG-004,product_P-LG-004,ห่อ,12,0
count_feb2016_floor2_423,สำเร็จรูป สาทร ชั้น 2,สาทร ชั้น 2,P-LG-014,product_P-LG-014,ห่อ,4,0
count_feb2016_floor2_424,สำเร็จรูป สาทร ชั้น 2,สาทร ชั้น 2,P-LG-012,product_P-LG-012,ห่อ,2,0
count_feb2016_floor2_425,สำเร็จรูป สาทร ชั้น 2,สาทร ชั้น 2,P-LG-010,product_P-LG-010,ห่อ,2,0
count_feb2016_floor2_426,สำเร็จรูป สาทร ชั้น 2,สาทร ชั้น 2,P-LG-005,product_P-LG-005,ห่อ,1,0
count_feb2016_floor2_427,สำเร็จรูป สาทร ชั้น 2,สาทร ชั้น 2,P-LG-006,product_P-LG-006,ห่อ,15,0
count_feb2016_floor2_428,สำเร็จรูป สาทร ชั้น 2,สาทร ชั้น 2,P-LG-007,product_P-LG-007,ห่อ,1,0
count_feb2016_floor2_429,สำเร็จรูป สาทร ชั้น 2,สาทร ชั้น 2,P-DW-31*21.5-120G,product_P-DW-31*21dot5-120G,รีม,5,0
count_feb2016_floor2_430,สำเร็จรูป สาทร ชั้น 2,สาทร ชั้น 2,P-DW-31*21.5-150G,product_P-DW-31*21dot5-150G,รีม,10,0
count_feb2016_floor2_431,สำเร็จรูป สาทร ชั้น 2,สาทร ชั้น 2,P-DW-31*43-120G,product_P-DW-31*43-120G,รีม,2,0
count_feb2016_floor2_432,สำเร็จรูป สาทร ชั้น 2,สาทร ชั้น 2,P-DW-31*43-150G,product_P-DW-31*43-150G,รีม,3,0
count_feb2016_floor2_433,สำเร็จรูป สาทร ชั้น 2,สาทร ชั้น 2,P-FS-NO34,product_P-FS-NO34,ห่อ,35,0
count_feb2016_floor2_434,สำเร็จรูป สาทร ชั้น 2,สาทร ชั้น 2,P-WCL-3*5,product_P-WCL-3*5,ห่อ,2,0
count_feb2016_floor2_435,สำเร็จรูป สาทร ชั้น 2,สาทร ชั้น 2,P-FS-NO36,product_P-FS-NO36,ห่อ,26,0
count_feb2016_floor2_436,สำเร็จรูป สาทร ชั้น 2,สาทร ชั้น 2,P-WCL-4*6,product_P-WCL-4*6,ห่อ,1,0
count_feb2016_floor2_437,สำเร็จรูป สาทร ชั้น 2,สาทร ชั้น 2,P-DW-56*76-200G,product_P-DW-56*79-200G,รีม,15,0
count_feb2016_floor2_438,สำเร็จรูป สาทร ชั้น 2,สาทร ชั้น 2,P-SC-5*8,product_P-SC-5*8,ห่อ,30,0
count_feb2016_floor2_439,สำเร็จรูป สาทร ชั้น 2,สาทร ชั้น 2,P-WCL-5*8,product_P-WCL-5*8,ห่อ,30,0
count_feb2016_floor2_440,สำเร็จรูป สาทร ชั้น 2,สาทร ชั้น 2,P-ANS-60,product_P-ANS-60,ห่อ,3000,0
count_feb2016_floor2_441,สำเร็จรูป สาทร ชั้น 2,สาทร ชั้น 2,P-WS-NO65-200,product_P-WS-NO65-200,ห่อ,300,0
count_feb2016_floor2_442,สำเร็จรูป สาทร ชั้น 2,สาทร ชั้น 2,P-WS-NO65-300,product_P-WS-NO65-300,ห่อ,100,0
count_feb2016_floor2_443,สำเร็จรูป สาทร ชั้น 2,สาทร ชั้น 2,P-SC-6*8,product_P-SC-6*8,ห่อ,20,0
count_feb2016_floor2_444,สำเร็จรูป สาทร ชั้น 2,สาทร ชั้น 2,P-ANS-80,product_P-ANS-80,ห่อ,2000,0
count_feb2016_floor2_445,สำเร็จรูป สาทร ชั้น 2,สาทร ชั้น 2,P-PC-A3-70G-500S,product_P-PC-A3-70G-500S,ห่อ,0,0
count_feb2016_floor2_446,สำเร็จรูป สาทร ชั้น 2,สาทร ชั้น 2,P-PC-A3-80G-300S,product_P-PC-A3-80G-300S,ห่อ,10,0
count_feb2016_floor2_447,สำเร็จรูป สาทร ชั้น 2,สาทร ชั้น 2,P-PC-A3-80G-500S,product_P-PC-A3-80G-500S,ห่อ,5,0
count_feb2016_floor2_448,สำเร็จรูป สาทร ชั้น 2,สาทร ชั้น 2,P-CWF-MIX-001,product_63_P-C01,ห่อ,400,0
count_feb2016_floor2_449,สำเร็จรูป สาทร ชั้น 2,สาทร ชั้น 2,P-CWF-MIX-002,__export__.product_product_7494,ห่อ,10,0
count_feb2016_floor2_450,สำเร็จรูป สาทร ชั้น 2,สาทร ชั้น 2,P-CWF-089,__export__.product_product_6923,ห่อ,100,0
count_feb2016_floor2_451,สำเร็จรูป สาทร ชั้น 2,สาทร ชั้น 2,P-CWF-092,__export__.product_product_6926,ห่อ,100,0
count_feb2016_floor2_452,สำเร็จรูป สาทร ชั้น 2,สาทร ชั้น 2,P-CWF-091,__export__.product_product_6925,ห่อ,100,0
count_feb2016_floor2_453,สำเร็จรูป สาทร ชั้น 2,สาทร ชั้น 2,P-CWF-090,__export__.product_product_6924,ห่อ,100,0
count_feb2016_floor2_454,สำเร็จรูป สาทร ชั้น 2,สาทร ชั้น 2,P-CWF-002,product_P-CWF-002,ห่อ,0,0
count_feb2016_floor2_455,สำเร็จรูป สาทร ชั้น 2,สาทร ชั้น 2,P-CWF-003,product_P-CWF-003,ห่อ,0,0
count_feb2016_floor2_456,สำเร็จรูป สาทร ชั้น 2,สาทร ชั้น 2,P-CWF-004,product_P-CWF-004,ห่อ,0,0
count_feb2016_floor2_457,สำเร็จรูป สาทร ชั้น 2,สาทร ชั้น 2,P-CWF-041,product_P-CWF-041,ห่อ,500,0
count_feb2016_floor2_458,สำเร็จรูป สาทร ชั้น 2,สาทร ชั้น 2,P-CWF-040,product_P-CWF-040,ห่อ,300,0
count_feb2016_floor2_459,สำเร็จรูป สาทร ชั้น 2,สาทร ชั้น 2,P-CWF-039,product_P-CWF-039,ห่อ,600,0
count_feb2016_floor2_460,สำเร็จรูป สาทร ชั้น 2,สาทร ชั้น 2,P-CWF-035,product_P-CWF-035,ห่อ,400,0
count_feb2016_floor2_461,สำเร็จรูป สาทร ชั้น 2,สาทร ชั้น 2,P-CWF-036,product_P-CWF-036,ห่อ,350,0
count_feb2016_floor2_462,สำเร็จรูป สาทร ชั้น 2,สาทร ชั้น 2,P-CWF-037,product_P-CWF-037,ห่อ,350,0
count_feb2016_floor2_463,สำเร็จรูป สาทร ชั้น 2,สาทร ชั้น 2,P-CWF-038,product_P-CWF-038,ห่อ,300,0
count_feb2016_floor2_464,สำเร็จรูป สาทร ชั้น 2,สาทร ชั้น 2,P-CWF-034,product_P-CWF-034,ห่อ,300,0
count_feb2016_floor2_465,สำเร็จรูป สาทร ชั้น 2,สาทร ชั้น 2,P-CWF-030,product_P-CWF-030,ห่อ,120,0
count_feb2016_floor2_466,สำเร็จรูป สาทร ชั้น 2,สาทร ชั้น 2,P-CWF-031,product_P-CWF-031,ห่อ,100,0
count_feb2016_floor2_467,สำเร็จรูป สาทร ชั้น 2,สาทร ชั้น 2,P-CWF-032,product_P-CWF-032,ห่อ,80,0
count_feb2016_floor2_468,สำเร็จรูป สาทร ชั้น 2,สาทร ชั้น 2,P-CWF-033,product_P-CWF-033,ห่อ,89,0
count_feb2016_floor2_469,สำเร็จรูป สาทร ชั้น 2,สาทร ชั้น 2,P-CWF-046,product_P-CWF-046,ห่อ,10,0
count_feb2016_floor2_470,สำเร็จรูป สาทร ชั้น 2,สาทร ชั้น 2,P-CWF-047,product_P-CWF-047,ห่อ,1,0
count_feb2016_floor2_471,สำเร็จรูป สาทร ชั้น 2,สาทร ชั้น 2,P-CWF-048,product_P-CWF-048,ห่อ,3,0
count_feb2016_floor2_472,สำเร็จรูป สาทร ชั้น 2,สาทร ชั้น 2,P-CWF-049,product_P-CWF-049,ห่อ,4,0
count_feb2016_floor2_473,สำเร็จรูป สาทร ชั้น 2,สาทร ชั้น 2,P-CWF-050,product_P-CWF-050,ห่อ,5,0
count_feb2016_floor2_474,สำเร็จรูป สาทร ชั้น 2,สาทร ชั้น 2,P-CWF-051,product_P-CWF-051,ห่อ,5,0
count_feb2016_floor2_475,สำเร็จรูป สาทร ชั้น 2,สาทร ชั้น 2,P-CWF-052,product_P-CWF-052,ห่อ,10,0
count_feb2016_floor2_476,สำเร็จรูป สาทร ชั้น 2,สาทร ชั้น 2,P-CWF-053,product_P-CWF-053,ห่อ,5,0
count_feb2016_floor2_477,สำเร็จรูป สาทร ชั้น 2,สาทร ชั้น 2,P-CWF-054,product_P-CWF-054,ห่อ,10,0
count_feb2016_floor2_478,สำเร็จรูป สาทร ชั้น 2,สาทร ชั้น 2,P-CWF-055,product_P-CWF-055,ห่อ,5,0
count_feb2016_floor2_479,สำเร็จรูป สาทร ชั้น 2,สาทร ชั้น 2,P-CWF-056,product_P-CWF-056,ห่อ,5,0
count_feb2016_floor2_480,สำเร็จรูป สาทร ชั้น 2,สาทร ชั้น 2,P-CWF-057,product_P-CWF-057,ห่อ,10,0
count_feb2016_floor2_481,สำเร็จรูป สาทร ชั้น 2,สาทร ชั้น 2,P-CWF-062,product_P-CWF-062,ห่อ,15,0
count_feb2016_floor2_482,สำเร็จรูป สาทร ชั้น 2,สาทร ชั้น 2,P-CWF-058,product_P-CWF-058,ห่อ,10,0
count_feb2016_floor2_483,สำเร็จรูป สาทร ชั้น 2,สาทร ชั้น 2,P-CWF-059,product_P-CWF-059,ห่อ,10,0
count_feb2016_floor2_484,สำเร็จรูป สาทร ชั้น 2,สาทร ชั้น 2,P-CWF-060,product_P-CWF-060,ห่อ,7,0
count_feb2016_floor2_485,สำเร็จรูป สาทร ชั้น 2,สาทร ชั้น 2,P-CWF-061,product_P-CWF-061,ห่อ,7,0
count_feb2016_floor2_486,สำเร็จรูป สาทร ชั้น 2,สาทร ชั้น 2,P-CWF-063,product_P-CWF-063,ห่อ,0,0
count_feb2016_floor2_487,สำเร็จรูป สาทร ชั้น 2,สาทร ชั้น 2,P-CWF-064,product_P-CWF-064,ห่อ,0,0
count_feb2016_floor2_488,สำเร็จรูป สาทร ชั้น 2,สาทร ชั้น 2,P-CWF-065,product_P-CWF-065,ห่อ,0,0
count_feb2016_floor2_489,สำเร็จรูป สาทร ชั้น 2,สาทร ชั้น 2,P-TCWF-001,product_P-TCWF-001,ห่อ,150,0
count_feb2016_floor2_490,สำเร็จรูป สาทร ชั้น 2,สาทร ชั้น 2,P-TCWF-002,product_P-TCWF-002,ห่อ,200,0
count_feb2016_floor2_491,สำเร็จรูป สาทร ชั้น 2,สาทร ชั้น 2,P-TCWF-003,product_P-TCWF-003,ห่อ,155,0
count_feb2016_floor2_492,สำเร็จรูป สาทร ชั้น 2,สาทร ชั้น 2,P-TCWF-004,product_P-TCWF-004,ห่อ,120,0
count_feb2016_floor2_493,สำเร็จรูป สาทร ชั้น 2,สาทร ชั้น 2,P-TCWF-005,product_P-TCWF-005,ห่อ,30,0
count_feb2016_floor2_494,สำเร็จรูป สาทร ชั้น 2,สาทร ชั้น 2,P-TCWF-005,product_P-TCWF-005,ห่อ,30,0
count_feb2016_floor2_495,สำเร็จรูป สาทร ชั้น 2,สาทร ชั้น 2,P-TCWF-006,product_P-TCWF-006,ห่อ,50,0
count_feb2016_floor2_496,สำเร็จรูป สาทร ชั้น 2,สาทร ชั้น 2,P-TCWF-007,product_P-TCWF-007,ห่อ,40,0
count_feb2016_floor2_497,สำเร็จรูป สาทร ชั้น 2,สาทร ชั้น 2,P-TCWF-008,product_P-TCWF-008,ห่อ,40,0
count_feb2016_floor2_498,สำเร็จรูป สาทร ชั้น 2,สาทร ชั้น 2,P-TCWF-009,product_P-TCWF-009,ห่อ,120,0
count_feb2016_floor2_499,สำเร็จรูป สาทร ชั้น 2,สาทร ชั้น 2,P-TCWF-010,product_P-TCWF-010,ห่อ,150,0
count_feb2016_floor2_500,สำเร็จรูป สาทร ชั้น 2,สาทร ชั้น 2,P-TCWF-011,product_P-TCWF-011,ห่อ,100,0
count_feb2016_floor2_501,สำเร็จรูป สาทร ชั้น 2,สาทร ชั้น 2,P-TCWF-012,product_P-TCWF-012,ห่อ,150,0
count_feb2016_floor2_502,สำเร็จรูป สาทร ชั้น 2,สาทร ชั้น 2,P-TCWF-013,product_P-TCWF-013,ห่อ,1,0
count_feb2016_floor2_503,สำเร็จรูป สาทร ชั้น 2,สาทร ชั้น 2,P-TCWF-014,product_P-TCWF-014,ห่อ,1,0
count_feb2016_floor2_504,สำเร็จรูป สาทร ชั้น 2,สาทร ชั้น 2,P-TCWF-015,product_P-TCWF-015,ห่อ,1,0
count_feb2016_floor2_505,สำเร็จรูป สาทร ชั้น 2,สาทร ชั้น 2,P-TCWF-016,product_P-TCWF-016,ห่อ,0,0
count_feb2016_floor2_506,สำเร็จรูป สาทร ชั้น 2,สาทร ชั้น 2,P-TCWF-017,product_P-TCWF-017,ห่อ,0,0
count_feb2016_floor2_507,สำเร็จรูป สาทร ชั้น 2,สาทร ชั้น 2,P-TCWF-018,product_P-TCWF-018,ห่อ,0,0
count_feb2016_floor2_508,สำเร็จรูป สาทร ชั้น 2,สาทร ชั้น 2,P-TCWF-019,product_P-TCWF-019,ห่อ,0,0
count_feb2016_floor2_509,สำเร็จรูป สาทร ชั้น 2,สาทร ชั้น 2,P-TCWF-020,product_P-TCWF-020,ห่อ,0,0
count_feb2016_floor2_510,สำเร็จรูป สาทร ชั้น 2,สาทร ชั้น 2,P-TCWF-021,product_P-TCWF-021,ห่อ,11,0
count_feb2016_floor2_511,สำเร็จรูป สาทร ชั้น 2,สาทร ชั้น 2,P-TCWF-022,product_P-TCWF-022,ห่อ,0,0
count_feb2016_floor2_512,สำเร็จรูป สาทร ชั้น 2,สาทร ชั้น 2,P-TCWF-023,product_P-TCWF-023,ห่อ,11,0
count_feb2016_floor2_513,สำเร็จรูป สาทร ชั้น 2,สาทร ชั้น 2,P-TCWF-024,product_P-TCWF-024,ห่อ,0,0
count_feb2016_floor2_514,สำเร็จรูป สาทร ชั้น 2,สาทร ชั้น 2,P-DP-B-001,product_P-DP-B-001,ห่อ,40,0
count_feb2016_floor2_515,สำเร็จรูป สาทร ชั้น 2,สาทร ชั้น 2,P-DP-A-015,product_P-DP-A-015,ห่อ,0,0
count_feb2016_floor2_516,สำเร็จรูป สาทร ชั้น 2,สาทร ชั้น 2,P-DP-A-001,product_P-DP-A-001,ห่อ,100,0
count_feb2016_floor2_517,สำเร็จรูป สาทร ชั้น 2,สาทร ชั้น 2,P-DP-A-013,product_P-DP-A-013,ห่อ,1200,0
count_feb2016_floor2_518,สำเร็จรูป สาทร ชั้น 2,สาทร ชั้น 2,P-DP-B-004,product_P-DP-B-004,ห่อ,50,0
count_feb2016_floor2_519,สำเร็จรูป สาทร ชั้น 2,สาทร ชั้น 2,P-DP-A-016,product_P-DP-A-016,ห่อ,0,0
count_feb2016_floor2_520,สำเร็จรูป สาทร ชั้น 2,สาทร ชั้น 2,P-DP-A-004,product_P-DP-A-004,ห่อ,5,0
count_feb2016_floor2_521,สำเร็จรูป สาทร ชั้น 2,สาทร ชั้น 2,P-DP-A-014,product_P-DP-A-014,ห่อ,10000,0
count_feb2016_floor2_522,สำเร็จรูป สาทร ชั้น 2,สาทร ชั้น 2,P-DP-A-020,product_P-DP-A-020,ห่อ,0,0
count_feb2016_floor2_523,สำเร็จรูป สาทร ชั้น 2,สาทร ชั้น 2,P-DP-B-006,product_P-DP-B-006,ห่อ,20,0
count_feb2016_floor2_524,สำเร็จรูป สาทร ชั้น 2,สาทร ชั้น 2,P-DP-A-006,product_P-DP-A-006,ห่อ,200,0
count_feb2016_floor2_525,สำเร็จรูป สาทร ชั้น 2,สาทร ชั้น 2,P-DP-A-010,product_P-DP-A-010,ห่อ,0,0
count_feb2016_floor2_526,สำเร็จรูป สาทร ชั้น 2,สาทร ชั้น 2,P-DP-A-011,product_P-DP-A-011,ห่อ,0,0
count_feb2016_floor2_527,สำเร็จรูป สาทร ชั้น 2,สาทร ชั้น 2,P-DP-B-012,product_P-DP-B-012,ห่อ,5,0
count_feb2016_floor2_528,สำเร็จรูป สาทร ชั้น 2,สาทร ชั้น 2,P-DP-A-012,product_P-DP-A-012,ห่อ,5,0
count_feb2016_floor2_529,สำเร็จรูป สาทร ชั้น 2,สาทร ชั้น 2,P-HB-NO12-A,product_P-HB-NO12-A,รีม,1,0
count_feb2016_floor2_530,สำเร็จรูป สาทร ชั้น 2,สาทร ชั้น 2,P-HB-NO16-A,product_P-HB-NO16-A,รีม,10,0
count_feb2016_floor2_531,สำเร็จรูป สาทร ชั้น 2,สาทร ชั้น 2,P-HB-NO20-A,product_P-HB-NO20-A,รีม,5,0
count_feb2016_floor2_532,สำเร็จรูป สาทร ชั้น 2,สาทร ชั้น 2,P-FP-PANDA,product_P-FP-PANDA,ม้วน,1000,0
count_feb2016_floor2_533,สำเร็จรูป สาทร ชั้น 2,สาทร ชั้น 2,P-FP-VENUS,product_P-FP-VENUS,ม้วน,150,0
count_feb2016_floor2_534,สำเร็จรูป สาทร ชั้น 2,สาทร ชั้น 2,P-HB-NO24-A,product_P-HB-NO24-A,รีม,15,0
count_feb2016_floor2_535,สำเร็จรูป สาทร ชั้น 2,สาทร ชั้น 2,P-GB-270G-31*21.5,product_P-GB-270G-31*21dot5,รีม,2,0
count_feb2016_floor2_536,สำเร็จรูป สาทร ชั้น 2,สาทร ชั้น 2,P-GB-270G-31*43,product_P-GB-270G-31*43,รีม,5,0
count_feb2016_floor2_537,สำเร็จรูป สาทร ชั้น 2,สาทร ชั้น 2,P-CWF-067,product_P-CWF-067,รีม,4,0
count_feb2016_floor2_538,สำเร็จรูป สาทร ชั้น 2,สาทร ชั้น 2,P-CWF-068,product_P-CWF-068,รีม,10,0
count_feb2016_floor2_539,สำเร็จรูป สาทร ชั้น 2,สาทร ชั้น 2,P-CWF-069,product_P-CWF-069,รีม,10,0
count_feb2016_floor2_540,สำเร็จรูป สาทร ชั้น 2,สาทร ชั้น 2,P-CWF-070,product_P-CWF-070,รีม,10,0
count_feb2016_floor2_541,สำเร็จรูป สาทร ชั้น 2,สาทร ชั้น 2,P-NP-31*43,product_P-NP-31*43,รีม,80,0
count_feb2016_floor2_542,สำเร็จรูป สาทร ชั้น 2,สาทร ชั้น 2,P-WF-60G,product_P-WF-60G,รีม,4,0
count_feb2016_floor2_543,สำเร็จรูป สาทร ชั้น 2,สาทร ชั้น 2,P-HB-NO32-A,product_P-HB-NO32-A,รีม,10,0
count_feb2016_floor2_544,สำเร็จรูป สาทร ชั้น 2,สาทร ชั้น 2,P-GB-350G-31*43,product_P-GB-350G-31*43,รีม,6,0
count_feb2016_floor2_545,สำเร็จรูป สาทร ชั้น 2,สาทร ชั้น 2,P-GB-400G-31*43,product_P-GB-400G-31*43,รีม,6,0
count_feb2016_floor2_546,สำเร็จรูป สาทร ชั้น 2,สาทร ชั้น 2,P-GB-450G-31*43,product_P-GB-450G-31*43,รีม,8,0
count_feb2016_floor2_547,สำเร็จรูป สาทร ชั้น 2,สาทร ชั้น 2,P-GB-500G-31*43,product_P-GB-500G-31*43,รีม,5,0
count_feb2016_floor2_548,สำเร็จรูป สาทร ชั้น 2,สาทร ชั้น 2,P-NP-2807-4P,__export__.product_product_6957,เล่ม,14,0
count_feb2016_floor2_549,สำเร็จรูป สาทร ชั้น 2,สาทร ชั้น 2,P-NB,product_P-NB,กล่อง,250,0
count_feb2016_floor2_550,สำเร็จรูป สาทร ชั้น 2,สาทร ชั้น 2,P-CWF-042,product_P-CWF-042,ห่อ,50,0
count_feb2016_floor2_551,สำเร็จรูป สาทร ชั้น 2,สาทร ชั้น 2,P-CWF-043,product_P-CWF-043,ห่อ,30,0
count_feb2016_floor2_552,สำเร็จรูป สาทร ชั้น 2,สาทร ชั้น 2,P-CWF-044,product_P-CWF-044,ห่อ,35,0
count_feb2016_floor2_553,สำเร็จรูป สาทร ชั้น 2,สาทร ชั้น 2,P-PCWF-045,__export__.product_product_6919,ห่อ,0,0
count_feb2016_floor2_554,สำเร็จรูป สาทร ชั้น 2,สาทร ชั้น 2,P-DP-A-017,product_P-DP-A-017,ห่อ,30,0
count_feb2016_floor2_555,สำเร็จรูป สาทร ชั้น 2,สาทร ชั้น 2,P-DP-A-018,product_P-DP-A-018,ห่อ,300,0
count_feb2016_floor2_556,สำเร็จรูป สาทร ชั้น 2,สาทร ชั้น 2,P-DP-B-011,product_P-DP-B-011,ห่อ,50,0
count_feb2016_floor2_557,สำเร็จรูป สาทร ชั้น 2,สาทร ชั้น 2,P-PC-F4-70G-300S,product_P-PC-F4-70G-300S,ห่อ,5,0
count_feb2016_floor2_558,สำเร็จรูป สาทร ชั้น 2,สาทร ชั้น 2,P-PC-F4-70G-500S,product_P-PC-F4-70G-500S,ห่อ,30,0
count_feb2016_floor2_559,สำเร็จรูป สาทร ชั้น 2,สาทร ชั้น 2,P-PC-F4-80G-300S,product_P-PC-F4-80G-300S,ห่อ,10,0
count_feb2016_floor2_560,สำเร็จรูป สาทร ชั้น 2,สาทร ชั้น 2,P-PC-F4-80G-500S,product_P-PC-F4-80G-500S,ห่อ,50,0
count_feb2016_floor2_561,สำเร็จรูป สาทร ชั้น 2,สาทร ชั้น 2,P-CWF-045,product_P-CWF-045,ห่อ,20,0
count_feb2016_floor2_562,สำเร็จรูป สาทร ชั้น 2,สาทร ชั้น 2,MSJ-NO2,product_MSJ-NO2,เล่ม,8000,0
count_feb2016_floor2_563,สำเร็จรูป สาทร ชั้น 2,สาทร ชั้น 2,MSJ-NO3,product_MSJ-NO3,เล่ม,1000,0
count_feb2016_floor2_564,สำเร็จรูป สาทร ชั้น 2,สาทร ชั้น 2,MSK-008-NO.1,__export__.product_product_6908,เล่ม,500,0
count_feb2016_floor2_565,สำเร็จรูป สาทร ชั้น 2,สาทร ชั้น 2,MSK-009-NO.1,__export__.product_product_6909,เล่ม,150,0
count_feb2016_floor2_566,สำเร็จรูป สาทร ชั้น 2,สาทร ชั้น 2,MSK-010-NO.1,__export__.product_product_6910,เล่ม,120,0
count_feb2016_floor2_567,สำเร็จรูป สาทร ชั้น 2,สาทร ชั้น 2,MSK-011-NO.1,__export__.product_product_6911,เล่ม,100,0
count_feb2016_floor2_568,สำเร็จรูป สาทร ชั้น 2,สาทร ชั้น 2,MSK-012-NO.1,__export__.product_product_6912,เล่ม,50,0
count_feb2016_floor2_569,สำเร็จรูป สาทร ชั้น 2,สาทร ชั้น 2,MSL-001,product_MSL-001,เล่ม,300,0
count_feb2016_floor2_570,สำเร็จรูป สาทร ชั้น 2,สาทร ชั้น 2,MSL-002,product_MSL-002,เล่ม,1500,0
count_feb2016_floor2_571,สำเร็จรูป สาทร ชั้น 2,สาทร ชั้น 2,MSL-002,product_MSL-002,เล่ม,1500,0
count_feb2016_floor2_572,สำเร็จรูป สาทร ชั้น 2,สาทร ชั้น 2,MSL-003,product_MSL-003,เล่ม,2500,0
count_feb2016_floor2_573,สำเร็จรูป สาทร ชั้น 2,สาทร ชั้น 2,MSL-004,product_MSL-004,เล่ม,2000,0
count_feb2016_floor2_574,สำเร็จรูป สาทร ชั้น 2,สาทร ชั้น 2,MSL-005,product_MSL-005,เล่ม,225,0
count_feb2016_floor2_575,สำเร็จรูป สาทร ชั้น 2,สาทร ชั้น 2,MSL-006,product_MSL-006,เล่ม,800,0
count_feb2016_floor2_576,สำเร็จรูป สาทร ชั้น 2,สาทร ชั้น 2,MSL-007,product_MSL-007,เล่ม,835,0
count_feb2016_floor2_577,สำเร็จรูป สาทร ชั้น 2,สาทร ชั้น 2,MSL-008,product_MSL-008,เล่ม,560,0
count_feb2016_floor2_578,สำเร็จรูป สาทร ชั้น 2,สาทร ชั้น 2,139364,product_139364,ห่อ,100,0
count_feb2016_floor2_579,สำเร็จรูป สาทร ชั้น 2,สาทร ชั้น 2,182383,product_63_182383,ห่อ,1200,0
count_feb2016_floor2_581,สำเร็จรูป สาทร ชั้น 2,สาทร ชั้น 2,P-RP-A4-70G,product_P-RP-A4-70G,ห่อ,130,0
count_feb2016_floor2_582,สำเร็จรูป สาทร ชั้น 2,สาทร ชั้น 2,225891,__export__.product_product_7738,ห่อ,500,0
count_feb2016_floor2_583,สำเร็จรูป สาทร ชั้น 2,สาทร ชั้น 2,P-PCWF-HP-001,__export__.product_product_7705,ห่อ,50,0
count_feb2016_floor2_584,สำเร็จรูป สาทร ชั้น 2,สาทร ชั้น 2,P-PCWF-HP-002,__export__.product_product_7706,ห่อ,20,0
count_feb2016_floor2_585,สำเร็จรูป สาทร ชั้น 2,สาทร ชั้น 2,P-PCWF-HP-003,__export__.product_product_7707,ห่อ,40,0
count_feb2016_floor2_586,สำเร็จรูป สาทร ชั้น 2,สาทร ชั้น 2,P-PCWF-HP-004,__export__.product_product_7708,ห่อ,20,0
count_feb2016_floor2_587,สำเร็จรูป สาทร ชั้น 2,สาทร ชั้น 2,P-PCWF-HP-005,__export__.product_product_7709,ห่อ,20,0
count_feb2016_floor2_588,สำเร็จรูป สาทร ชั้น 2,สาทร ชั้น 2,P-PCWF-HP-006,__export__.product_product_7710,ห่อ,60,0
count_feb2016_floor2_589,สำเร็จรูป สาทร ชั้น 2,สาทร ชั้น 2,P-PCWF-HP-007,__export__.product_product_7711,ห่อ,20,0
count_feb2016_floor2_590,สำเร็จรูป สาทร ชั้น 2,สาทร ชั้น 2,P-PCWF-HP-008,__export__.product_product_7712,ห่อ,20,0
count_feb2016_floor2_591,สำเร็จรูป สาทร ชั้น 2,สาทร ชั้น 2,P-WCL-3*5,product_P-WCL-3*5,ห่อ,2,0
count_feb2016_floor2_592,สำเร็จรูป สาทร ชั้น 2,สาทร ชั้น 2,P-WCL-4*6,product_P-WCL-4*6,ห่อ,1,0
count_feb2016_floor2_593,สำเร็จรูป สาทร ชั้น 2,สาทร ชั้น 2,P-WCL-5*8,product_P-WCL-5*8,ห่อ,30,0
count_feb2016_floor2_594,สำเร็จรูป สาทร ชั้น 2,สาทร ชั้น 2,P-CWF-041,product_P-CWF-041,ห่อ,500,0
count_feb2016_floor2_595,สำเร็จรูป สาทร ชั้น 2,สาทร ชั้น 2,P-CWF-040,product_P-CWF-040,ห่อ,300,0
count_feb2016_floor2_596,สำเร็จรูป สาทร ชั้น 2,สาทร ชั้น 2,P-CWF-039,product_P-CWF-039,ห่อ,600,0
count_feb2016_floor2_597,สำเร็จรูป สาทร ชั้น 2,สาทร ชั้น 2,P-CWF-035,product_P-CWF-035,ห่อ,400,0
count_feb2016_floor2_598,สำเร็จรูป สาทร ชั้น 2,สาทร ชั้น 2,P-CWF-036,product_P-CWF-036,ห่อ,350,0
count_feb2016_floor2_599,สำเร็จรูป สาทร ชั้น 2,สาทร ชั้น 2,P-CWF-037,product_P-CWF-037,ห่อ,350,0
count_feb2016_floor2_600,สำเร็จรูป สาทร ชั้น 2,สาทร ชั้น 2,P-CWF-038,product_P-CWF-038,ห่อ,300,0
count_feb2016_floor2_601,สำเร็จรูป สาทร ชั้น 2,สาทร ชั้น 2,P-CWF-034,product_P-CWF-034,ห่อ,300,0
count_feb2016_floor2_602,สำเร็จรูป สาทร ชั้น 2,สาทร ชั้น 2,P-CWF-030,product_P-CWF-030,ห่อ,120,0
count_feb2016_floor2_603,สำเร็จรูป สาทร ชั้น 2,สาทร ชั้น 2,P-CWF-031,product_P-CWF-031,ห่อ,100,0
count_feb2016_floor2_604,สำเร็จรูป สาทร ชั้น 2,สาทร ชั้น 2,P-CWF-032,product_P-CWF-032,ห่อ,80,0
count_feb2016_floor2_605,สำเร็จรูป สาทร ชั้น 2,สาทร ชั้น 2,P-CWF-033,product_P-CWF-033,ห่อ,89,0
count_feb2016_floor2_606,สำเร็จรูป สาทร ชั้น 2,สาทร ชั้น 2,P-CWF-044,product_P-CWF-044,ห่อ,35,0
count_feb2016_floor2_607,สำเร็จรูป สาทร ชั้น 2,สาทร ชั้น 2,P-CWF-045,product_P-CWF-045,ห่อ,20,0
count_feb2016_floor2_608,สำเร็จรูป สาทร ชั้น 2,สาทร ชั้น 2,P-CWF-046,product_P-CWF-046,ห่อ,10,0
count_feb2016_floor2_609,สำเร็จรูป สาทร ชั้น 2,สาทร ชั้น 2,P-CWF-047,product_P-CWF-047,ห่อ,1,0
count_feb2016_floor2_610,สำเร็จรูป สาทร ชั้น 2,สาทร ชั้น 2,P-CWF-048,product_P-CWF-048,ห่อ,3,0
count_feb2016_floor2_611,สำเร็จรูป สาทร ชั้น 2,สาทร ชั้น 2,P-CWF-049,product_P-CWF-049,ห่อ,4,0
count_feb2016_floor2_612,สำเร็จรูป สาทร ชั้น 2,สาทร ชั้น 2,P-CWF-050,product_P-CWF-050,ห่อ,5,0
count_feb2016_floor2_613,สำเร็จรูป สาทร ชั้น 2,สาทร ชั้น 2,P-CWF-051,product_P-CWF-051,ห่อ,5,0
count_feb2016_floor2_614,สำเร็จรูป สาทร ชั้น 2,สาทร ชั้น 2,P-CWF-052,product_P-CWF-052,ห่อ,10,0
count_feb2016_floor2_615,สำเร็จรูป สาทร ชั้น 2,สาทร ชั้น 2,P-CWF-053,product_P-CWF-053,ห่อ,5,0
count_feb2016_floor2_616,สำเร็จรูป สาทร ชั้น 2,สาทร ชั้น 2,P-CWF-054,product_P-CWF-054,ห่อ,10,0
count_feb2016_floor2_617,สำเร็จรูป สาทร ชั้น 2,สาทร ชั้น 2,P-CWF-055,product_P-CWF-055,ห่อ,5,0
count_feb2016_floor2_618,สำเร็จรูป สาทร ชั้น 2,สาทร ชั้น 2,P-CWF-056,product_P-CWF-056,ห่อ,5,0
count_feb2016_floor2_619,สำเร็จรูป สาทร ชั้น 2,สาทร ชั้น 2,P-CWF-057,product_P-CWF-057,ห่อ,10,0
count_feb2016_floor2_620,สำเร็จรูป สาทร ชั้น 2,สาทร ชั้น 2,P-CWF-062,product_P-CWF-062,ห่อ,15,0
count_feb2016_floor2_621,สำเร็จรูป สาทร ชั้น 2,สาทร ชั้น 2,P-CWF-058,product_P-CWF-058,ห่อ,10,0
count_feb2016_floor2_622,สำเร็จรูป สาทร ชั้น 2,สาทร ชั้น 2,P-CWF-059,product_P-CWF-059,ห่อ,10,0
count_feb2016_floor2_623,สำเร็จรูป สาทร ชั้น 2,สาทร ชั้น 2,P-CWF-060,product_P-CWF-060,ห่อ,7,0
count_feb2016_floor2_624,สำเร็จรูป สาทร ชั้น 2,สาทร ชั้น 2,P-CWF-061,product_P-CWF-061,ห่อ,7,0
count_feb2016_floor2_625,สำเร็จรูป สาทร ชั้น 2,สาทร ชั้น 2,P-TC-SAIKO,product_P-TC-SAIKO,ห่อ,70,0
count_feb2016_floor2_626,สำเร็จรูป สาทร ชั้น 2,สาทร ชั้น 2,P-TC-AMANO,product_P-TC-AMANO,ห่อ,500,0
count_feb2016_floor2_627,สำเร็จรูป สาทร ชั้น 2,สาทร ชั้น 2,MSK-007,product_MSK-007,เล่ม,10,0
count_feb2016_floor2_628,สำเร็จรูป สาทร ชั้น 2,สาทร ชั้น 2,172584,product_172584,เล่ม,0,0
count_feb2016_floor2_629,สำเร็จรูป สาทร ชั้น 2,สาทร ชั้น 2,319781,__export__.product_product_8004,ห่อ,300,0
count_feb2016_floor2_630,สำเร็จรูป สาทร ชั้น 2,สาทร ชั้น 2,319782,__export__.product_product_8007,ห่อ,300,0
count_feb2016_floor2_631,สำเร็จรูป สาทร ชั้น 2,สาทร ชั้น 2,319783,__export__.product_product_8005,ห่อ,300,0
count_feb2016_floor2_632,สำเร็จรูป สาทร ชั้น 2,สาทร ชั้น 2,319784,__export__.product_product_8006,ห่อ,300,0
