id,name,inventory_line_id/location_id,inventory_line_id/product_id/id,inventory_line_id/product_uom,inventory_line_id/product_qty
reset_stock_upc_30jun13,Reset จัดของ ตจว. 30 Jun 13,จัดของ ตจว.,product_P-GB-230G-31*43,รีม,0
,,จัดของ ตจว.,product_P-GB-250G-31*43,รีม,0
,,จัดของ ตจว.,product_P-GB-270G-31*43,รีม,0
,,จัดของ ตจว.,product_P-GB-290G-31*43,รีม,0
,,จัดของ ตจว.,product_P-GB-310G-31*43,รีม,0
,,จัดของ ตจว.,product_P-GB-350G-31*43,รีม,0
,,จัดของ ตจว.,product_P-GB-400G-31*43,รีม,0
,,จัดของ ตจว.,product_P-GB-450G-31*43,รีม,0
,,จัดของ ตจว.,product_P-GB-500G-31*43,รีม,0
,,จัดของ ตจว.,product_P-GB-230G-31*21dot5,รีม,0
,,จัดของ ตจว.,product_P-GB-250G-31*21dot5,รีม,0
,,จัดของ ตจว.,product_P-GB-270G-31*21dot5,รีม,0
,,จัดของ ตจว.,product_P-GB-290G-31*21dot5,รีม,0
,,จัดของ ตจว.,product_P-GB-310G-31*21dot5,รีม,0
,,จัดของ ตจว.,product_P-GB-350G-31*21dot5,รีม,0
,,จัดของ ตจว.,product_P-GB-400G-31*21dot5,รีม,0
,,จัดของ ตจว.,product_P-GB-450G-31*21dot5,รีม,0
,,จัดของ ตจว.,product_P-GB-500G-31*21dot5,รีม,0
,,จัดของ ตจว.,product_P-WCL-3*5,ห่อ,0
,,จัดของ ตจว.,product_P-WCL-4*6,ห่อ,0
,,จัดของ ตจว.,product_P-WCL-5*8,ห่อ,0
,,จัดของ ตจว.,product_P-SC-5*8,ห่อ,0
,,จัดของ ตจว.,product_P-SC-6*8,ห่อ,0
,,จัดของ ตจว.,product_P-CWF-001,ห่อ,0
,,จัดของ ตจว.,product_P-CWF-002,ห่อ,0
,,จัดของ ตจว.,product_P-CWF-003,ห่อ,0
,,จัดของ ตจว.,product_P-CWF-004,ห่อ,0
,,จัดของ ตจว.,product_P-CWF-005,ห่อ,0
,,จัดของ ตจว.,product_P-CWF-006,ห่อ,0
,,จัดของ ตจว.,product_P-CWF-007,ห่อ,0
,,จัดของ ตจว.,product_P-CWF-008,ห่อ,0
,,จัดของ ตจว.,product_P-CWF-009,ห่อ,0
,,จัดของ ตจว.,product_P-CWF-010,ห่อ,0
,,จัดของ ตจว.,product_P-CWF-011,ห่อ,0
,,จัดของ ตจว.,product_P-CWF-012,ห่อ,0
,,จัดของ ตจว.,product_P-CWF-013,ห่อ,0
,,จัดของ ตจว.,product_P-CWF-014,ห่อ,0
,,จัดของ ตจว.,product_P-CWF-015,ห่อ,0
,,จัดของ ตจว.,product_P-CWF-016,ห่อ,0
,,จัดของ ตจว.,product_P-CWF-017,ห่อ,0
,,จัดของ ตจว.,product_P-CWF-018,ห่อ,0
,,จัดของ ตจว.,product_P-CWF-019,ห่อ,0
,,จัดของ ตจว.,product_P-CWF-020,ห่อ,0
,,จัดของ ตจว.,product_P-CWF-021,ห่อ,0
,,จัดของ ตจว.,product_P-CWF-022,ห่อ,0
,,จัดของ ตจว.,product_P-CWF-023,ห่อ,0
,,จัดของ ตจว.,product_P-CWF-024,ห่อ,0
,,จัดของ ตจว.,product_P-CWF-025,ห่อ,0
,,จัดของ ตจว.,product_P-CWF-026,ห่อ,0
,,จัดของ ตจว.,product_P-CWF-027,ห่อ,0
,,จัดของ ตจว.,product_P-CWF-028,ห่อ,0
,,จัดของ ตจว.,product_P-CWF-029,ห่อ,0
,,จัดของ ตจว.,product_P-CWF-030,ห่อ,0
,,จัดของ ตจว.,product_P-CWF-031,ห่อ,0
,,จัดของ ตจว.,product_P-CWF-032,ห่อ,0
,,จัดของ ตจว.,product_P-CWF-033,ห่อ,0
,,จัดของ ตจว.,product_P-CWF-034,ห่อ,0
,,จัดของ ตจว.,product_P-CWF-035,ห่อ,0
,,จัดของ ตจว.,product_P-CWF-036,ห่อ,0
,,จัดของ ตจว.,product_P-CWF-037,ห่อ,0
,,จัดของ ตจว.,product_P-CWF-038,ห่อ,0
,,จัดของ ตจว.,product_P-CWF-039,ห่อ,0
,,จัดของ ตจว.,product_P-CWF-040,ห่อ,0
,,จัดของ ตจว.,product_P-CWF-041,ห่อ,0
,,จัดของ ตจว.,product_P-CWF-042,ห่อ,0
,,จัดของ ตจว.,product_P-CWF-043,ห่อ,0
,,จัดของ ตจว.,product_P-CWF-044,ห่อ,0
,,จัดของ ตจว.,product_P-CWF-045,ห่อ,0
,,จัดของ ตจว.,product_P-CWF-046,ห่อ,0
,,จัดของ ตจว.,product_P-CWF-047,ห่อ,0
,,จัดของ ตจว.,product_P-CWF-048,ห่อ,0
,,จัดของ ตจว.,product_P-CWF-049,ห่อ,0
,,จัดของ ตจว.,product_P-CWF-050,ห่อ,0
,,จัดของ ตจว.,product_P-CWF-051,ห่อ,0
,,จัดของ ตจว.,product_P-CWF-052,ห่อ,0
,,จัดของ ตจว.,product_P-CWF-053,ห่อ,0
,,จัดของ ตจว.,product_P-CWF-054,ห่อ,0
,,จัดของ ตจว.,product_P-CWF-055,ห่อ,0
,,จัดของ ตจว.,product_P-CWF-056,ห่อ,0
,,จัดของ ตจว.,product_P-CWF-057,ห่อ,0
,,จัดของ ตจว.,product_P-CWF-058,ห่อ,0
,,จัดของ ตจว.,product_P-CWF-059,ห่อ,0
,,จัดของ ตจว.,product_P-CWF-060,ห่อ,0
,,จัดของ ตจว.,product_P-CWF-061,ห่อ,0
,,จัดของ ตจว.,product_P-CWF-062,ห่อ,0
,,จัดของ ตจว.,product_P-CWF-063,ห่อ,0
,,จัดของ ตจว.,product_P-CWF-064,ห่อ,0
,,จัดของ ตจว.,product_P-CWF-065,ห่อ,0
,,จัดของ ตจว.,product_P-CWF-066,ห่อ,0
,,จัดของ ตจว.,product_P-CWF-067,รีม,0
,,จัดของ ตจว.,product_P-CWF-068,รีม,0
,,จัดของ ตจว.,product_P-CWF-069,รีม,0
,,จัดของ ตจว.,product_P-CWF-070,รีม,0
,,จัดของ ตจว.,product_P-CWF-071,รีม,0
,,จัดของ ตจว.,product_P-CWF-072,รีม,0
,,จัดของ ตจว.,product_P-CWF-073,รีม,0
,,จัดของ ตจว.,product_P-CWF-074,รีม,0
,,จัดของ ตจว.,product_P-CWF-075,รีม,0
,,จัดของ ตจว.,product_P-CWF-076,รีม,0
,,จัดของ ตจว.,product_P-CWF-077,รีม,0
,,จัดของ ตจว.,product_P-CWF-078,รีม,0
,,จัดของ ตจว.,product_P-CWF-079,รีม,0
,,จัดของ ตจว.,product_P-CWF-080,รีม,0
,,จัดของ ตจว.,product_P-CWF-081,รีม,0
,,จัดของ ตจว.,product_P-CWF-082,รีม,0
,,จัดของ ตจว.,product_P-CWF-083,รีม,0
,,จัดของ ตจว.,product_P-CWF-084,รีม,0
,,จัดของ ตจว.,product_P-CWF-085,รีม,0
,,จัดของ ตจว.,product_P-CWF-086,รีม,0
,,จัดของ ตจว.,product_P-CWF-087,รีม,0
,,จัดของ ตจว.,product_P-CWF-088,รีม,0
,,จัดของ ตจว.,product_P-HB-NO8-A,ห่อ,0
,,จัดของ ตจว.,product_P-HB-NO10-A,ห่อ,0
,,จัดของ ตจว.,product_P-HB-NO12-A,ห่อ,0
,,จัดของ ตจว.,product_P-HB-NO16-A,ห่อ,0
,,จัดของ ตจว.,product_P-HB-NO20-A,ห่อ,0
,,จัดของ ตจว.,product_P-HB-NO24-A,ห่อ,0
,,จัดของ ตจว.,product_P-HB-NO32-A,ห่อ,0
,,จัดของ ตจว.,product_P-HB-NO8-B,ห่อ,0
,,จัดของ ตจว.,product_P-HB-NO10-B,ห่อ,0
,,จัดของ ตจว.,product_P-HB-NO12-B,ห่อ,0
,,จัดของ ตจว.,product_P-HB-NO16-B,ห่อ,0
,,จัดของ ตจว.,product_P-HB-NO20-B,ห่อ,0
,,จัดของ ตจว.,product_P-HB-NO24-B,ห่อ,0
,,จัดของ ตจว.,product_P-HB-NO32-B,ห่อ,0
,,จัดของ ตจว.,product_P-ANS-60,ห่อ,0
,,จัดของ ตจว.,product_P-ANS-80,ห่อ,0
,,จัดของ ตจว.,product_P-ANS-100,ห่อ,0
,,จัดของ ตจว.,product_P-ANS-120,ห่อ,0
,,จัดของ ตจว.,product_P-PC-A4-70G-300S,ห่อ,0
,,จัดของ ตจว.,product_P-PC-A4-70G-400S,ห่อ,0
,,จัดของ ตจว.,product_P-PC-A4-70G-500S,ห่อ,0
,,จัดของ ตจว.,product_P-PC-A4-70G-500S-IDEAMAX,ห่อ,0
,,จัดของ ตจว.,product_P-PC-A4-70G-500S-PPC,ห่อ,0
,,จัดของ ตจว.,product_P-PC-A4-70G-500S-CLP,ห่อ,0
,,จัดของ ตจว.,product_P-PC-F4-70G-300S,ห่อ,0
,,จัดของ ตจว.,product_P-PC-F4-70G-500S,ห่อ,0
,,จัดของ ตจว.,product_P-PC-A3-70G-300S,ห่อ,0
,,จัดของ ตจว.,product_P-PC-A3-70G-500S,ห่อ,0
,,จัดของ ตจว.,product_P-PC-A4-80G-300S,ห่อ,0
,,จัดของ ตจว.,product_P-PC-A4-80G-400S,ห่อ,0
,,จัดของ ตจว.,product_P-PC-A4-80G-500S,ห่อ,0
,,จัดของ ตจว.,product_P-PC-A4-80G-500S-IDEAWORK,ห่อ,0
,,จัดของ ตจว.,product_P-PC-A4-80G-500S-PPC,ห่อ,0
,,จัดของ ตจว.,product_P-PC-F4-80G-300S,ห่อ,0
,,จัดของ ตจว.,product_P-PC-F4-80G-500S,ห่อ,0
,,จัดของ ตจว.,product_P-PC-A3-80G-300S,ห่อ,0
,,จัดของ ตจว.,product_P-PC-A3-80G-500S,ห่อ,0
,,จัดของ ตจว.,product_P-PCWF-001,ห่อ,0
,,จัดของ ตจว.,product_P-PCWF-002,ห่อ,0
,,จัดของ ตจว.,product_P-PCWF-003,ห่อ,0
,,จัดของ ตจว.,product_P-PCWF-004,ห่อ,0
,,จัดของ ตจว.,product_P-PCWF-005,ห่อ,0
,,จัดของ ตจว.,product_P-PCWF-006,ห่อ,0
,,จัดของ ตจว.,product_P-PCWF-007,ห่อ,0
,,จัดของ ตจว.,product_P-PCWF-008,ห่อ,0
,,จัดของ ตจว.,product_P-PCWF-009,ห่อ,0
,,จัดของ ตจว.,product_P-PCWF-010,ห่อ,0
,,จัดของ ตจว.,product_P-PCWF-011,ห่อ,0
,,จัดของ ตจว.,product_P-PCWF-012,ห่อ,0
,,จัดของ ตจว.,product_P-PCWF-013,ห่อ,0
,,จัดของ ตจว.,product_P-PCWF-014,ห่อ,0
,,จัดของ ตจว.,product_P-PCWF-015,ห่อ,0
,,จัดของ ตจว.,product_P-PCWF-016,ห่อ,0
,,จัดของ ตจว.,product_P-PCWF-017,ห่อ,0
,,จัดของ ตจว.,product_P-PCWF-018,ห่อ,0
,,จัดของ ตจว.,product_P-PCWF-019,ห่อ,0
,,จัดของ ตจว.,product_P-PCWF-020,ห่อ,0
,,จัดของ ตจว.,product_P-PCWF-021,ห่อ,0
,,จัดของ ตจว.,product_P-PCWF-022,ห่อ,0
,,จัดของ ตจว.,product_P-PCWF-023,ห่อ,0
,,จัดของ ตจว.,product_P-PCWF-024,ห่อ,0
,,จัดของ ตจว.,product_P-PCWF-025,ห่อ,0
,,จัดของ ตจว.,product_P-PCWF-026,ห่อ,0
,,จัดของ ตจว.,product_P-PCWF-027,ห่อ,0
,,จัดของ ตจว.,product_P-PCWF-028,ห่อ,0
,,จัดของ ตจว.,product_P-PCWF-029,ห่อ,0
,,จัดของ ตจว.,product_P-PCWF-030,ห่อ,0
,,จัดของ ตจว.,product_P-PCWF-031,ห่อ,0
,,จัดของ ตจว.,product_P-PCWF-032,ห่อ,0
,,จัดของ ตจว.,product_P-PCWF-033,ห่อ,0
,,จัดของ ตจว.,product_P-PCWF-034,ห่อ,0
,,จัดของ ตจว.,product_P-PCWF-035,ห่อ,0
,,จัดของ ตจว.,product_P-PCWF-036,ห่อ,0
,,จัดของ ตจว.,product_P-PCWF-037,ห่อ,0
,,จัดของ ตจว.,product_P-PCWF-038,ห่อ,0
,,จัดของ ตจว.,product_P-PCWF-039,ห่อ,0
,,จัดของ ตจว.,product_P-PCWF-040,ห่อ,0
,,จัดของ ตจว.,product_P-PCWF-041,ห่อ,0
,,จัดของ ตจว.,product_P-PCWF-042,ห่อ,0
,,จัดของ ตจว.,product_P-PCWF-SR-001,ห่อ,0
,,จัดของ ตจว.,product_P-PCWF-SR-002,ห่อ,0
,,จัดของ ตจว.,product_P-PCWF-SR-003,ห่อ,0
,,จัดของ ตจว.,product_P-PCWF-SR-004,ห่อ,0
,,จัดของ ตจว.,product_P-PCWF-SR-005,ห่อ,0
,,จัดของ ตจว.,product_P-PCWF-SR-006,ห่อ,0
,,จัดของ ตจว.,product_P-PCWF-SR-007,ห่อ,0
,,จัดของ ตจว.,product_P-PCWF-SR-008,ห่อ,0
,,จัดของ ตจว.,product_P-RC-35*47,รีม,0
,,จัดของ ตจว.,product_P-LG-001,ห่อ,0
,,จัดของ ตจว.,product_P-LG-002,ห่อ,0
,,จัดของ ตจว.,product_P-LG-003,ห่อ,0
,,จัดของ ตจว.,product_P-LG-004,ห่อ,0
,,จัดของ ตจว.,product_P-LG-005,ห่อ,0
,,จัดของ ตจว.,product_P-LG-006,ห่อ,0
,,จัดของ ตจว.,product_P-LG-007,ห่อ,0
,,จัดของ ตจว.,product_P-LG-008,ห่อ,0
,,จัดของ ตจว.,product_P-LG-009,ห่อ,0
,,จัดของ ตจว.,product_P-LG-010,ห่อ,0
,,จัดของ ตจว.,product_P-LG-011,ห่อ,0
,,จัดของ ตจว.,product_P-LG-012,ห่อ,0
,,จัดของ ตจว.,product_P-LG-013,ห่อ,0
,,จัดของ ตจว.,product_P-LG-014,ห่อ,0
,,จัดของ ตจว.,product_P-TCWF-001,ห่อ,0
,,จัดของ ตจว.,product_P-TCWF-002,ห่อ,0
,,จัดของ ตจว.,product_P-TCWF-003,ห่อ,0
,,จัดของ ตจว.,product_P-TCWF-004,ห่อ,0
,,จัดของ ตจว.,product_P-TCWF-005,ห่อ,0
,,จัดของ ตจว.,product_P-TCWF-006,ห่อ,0
,,จัดของ ตจว.,product_P-TCWF-007,ห่อ,0
,,จัดของ ตจว.,product_P-TCWF-008,ห่อ,0
,,จัดของ ตจว.,product_P-TCWF-009,ห่อ,0
,,จัดของ ตจว.,product_P-TCWF-010,ห่อ,0
,,จัดของ ตจว.,product_P-TCWF-011,ห่อ,0
,,จัดของ ตจว.,product_P-TCWF-012,ห่อ,0
,,จัดของ ตจว.,product_P-TCWF-013,ห่อ,0
,,จัดของ ตจว.,product_P-TCWF-014,ห่อ,0
,,จัดของ ตจว.,product_P-TCWF-015,ห่อ,0
,,จัดของ ตจว.,product_P-TCWF-016,ห่อ,0
,,จัดของ ตจว.,product_P-TCWF-017,ห่อ,0
,,จัดของ ตจว.,product_P-TCWF-018,ห่อ,0
,,จัดของ ตจว.,product_P-TCWF-019,ห่อ,0
,,จัดของ ตจว.,product_P-TCWF-020,ห่อ,0
,,จัดของ ตจว.,product_P-TCWF-021,ห่อ,0
,,จัดของ ตจว.,product_P-TCWF-022,ห่อ,0
,,จัดของ ตจว.,product_P-TCWF-023,ห่อ,0
,,จัดของ ตจว.,product_P-TCWF-024,ห่อ,0
,,จัดของ ตจว.,product_P-TCWF-025,รีม,0
,,จัดของ ตจว.,product_P-TCWF-026,รีม,0
,,จัดของ ตจว.,product_P-TCWF-027,รีม,0
,,จัดของ ตจว.,product_P-TCWF-028,รีม,0
,,จัดของ ตจว.,product_P-NP-31*43,รีม,0
,,จัดของ ตจว.,product_P-WF-60G,รีม,0
,,จัดของ ตจว.,product_P-WF-70G,รีม,0
,,จัดของ ตจว.,product_P-WF-80G,รีม,0
,,จัดของ ตจว.,product_P-WF-100G,รีม,0
,,จัดของ ตจว.,product_P-PT-001,แผ่น,0
,,จัดของ ตจว.,product_P-PT-002,แผ่น,0
,,จัดของ ตจว.,product_P-PT-003,แผ่น,0
,,จัดของ ตจว.,product_P-PT-004,แผ่น,0
,,จัดของ ตจว.,product_P-PT-005,แผ่น,0
,,จัดของ ตจว.,product_P-PT-006,แผ่น,0
,,จัดของ ตจว.,product_P-PT-007,แผ่น,0
,,จัดของ ตจว.,product_P-PT-008,แผ่น,0
,,จัดของ ตจว.,product_P-PT-009,แผ่น,0
,,จัดของ ตจว.,product_P-PT-010,แผ่น,0
,,จัดของ ตจว.,product_P-PT-011,แผ่น,0
,,จัดของ ตจว.,product_P-PT-012,แผ่น,0
,,จัดของ ตจว.,product_P-PT-013,แผ่น,0
,,จัดของ ตจว.,product_P-PT-014,แผ่น,0
,,จัดของ ตจว.,product_P-PT-015,แผ่น,0
,,จัดของ ตจว.,product_P-PT-016,แผ่น,0
,,จัดของ ตจว.,product_P-PT-017,แผ่น,0
,,จัดของ ตจว.,product_P-PT-018,แผ่น,0
,,จัดของ ตจว.,product_P-PT-019,แผ่น,0
,,จัดของ ตจว.,product_P-PT-020,แผ่น,0
,,จัดของ ตจว.,product_P-PT-021,แผ่น,0
,,จัดของ ตจว.,product_P-PT-022,แผ่น,0
,,จัดของ ตจว.,product_P-PT-023,แผ่น,0
,,จัดของ ตจว.,product_P-PT-024,แผ่น,0
,,จัดของ ตจว.,product_P-PT-025,แผ่น,0
,,จัดของ ตจว.,product_P-PT-026,แผ่น,0
,,จัดของ ตจว.,product_P-PT-027,แผ่น,0
,,จัดของ ตจว.,product_P-PT-028,แผ่น,0
,,จัดของ ตจว.,product_P-PT-029,แผ่น,0
,,จัดของ ตจว.,product_P-PT-030,แผ่น,0
,,จัดของ ตจว.,product_P-PT-031,แผ่น,0
,,จัดของ ตจว.,product_P-PT-032,แผ่น,0
,,จัดของ ตจว.,product_P-PT-033,แผ่น,0
,,จัดของ ตจว.,product_P-PT-034,แผ่น,0
,,จัดของ ตจว.,product_P-PT-035,แผ่น,0
,,จัดของ ตจว.,product_P-PT-036,แผ่น,0
,,จัดของ ตจว.,product_P-PT-037,แผ่น,0
,,จัดของ ตจว.,product_P-PT-038,แผ่น,0
,,จัดของ ตจว.,product_P-PT-039,แผ่น,0
,,จัดของ ตจว.,product_P-PT-040,แผ่น,0
,,จัดของ ตจว.,product_P-PT-041,แผ่น,0
,,จัดของ ตจว.,product_P-PT-042,แผ่น,0
,,จัดของ ตจว.,product_P-PT-043,แผ่น,0
,,จัดของ ตจว.,product_P-PT-044,แผ่น,0
,,จัดของ ตจว.,product_P-PT-045,แผ่น,0
,,จัดของ ตจว.,product_P-PT-046,แผ่น,0
,,จัดของ ตจว.,product_P-PT-047,แผ่น,0
,,จัดของ ตจว.,product_P-PT-048,แผ่น,0
,,จัดของ ตจว.,product_P-PT-049,แผ่น,0
,,จัดของ ตจว.,product_P-PT-050,แผ่น,0
,,จัดของ ตจว.,product_P-PT-051,แผ่น,0
,,จัดของ ตจว.,product_P-PT-052,แผ่น,0
,,จัดของ ตจว.,product_P-PT-053,แผ่น,0
,,จัดของ ตจว.,product_P-PT-054,แผ่น,0
,,จัดของ ตจว.,product_P-PT-055,แผ่น,0
,,จัดของ ตจว.,product_P-PT-056,แผ่น,0
,,จัดของ ตจว.,product_P-PT-057,แผ่น,0
,,จัดของ ตจว.,product_P-PT-058,แผ่น,0
,,จัดของ ตจว.,product_P-PT-059,แผ่น,0
,,จัดของ ตจว.,product_P-PT-060,แผ่น,0
,,จัดของ ตจว.,product_P-PT-1SM,แผ่น,0
,,จัดของ ตจว.,product_P-PT-2SM,แผ่น,0
,,จัดของ ตจว.,product_P-PT-HM,แผ่น,0
,,จัดของ ตจว.,product_P-FS-NO34,ห่อ,0
,,จัดของ ตจว.,product_P-FS-NO36,ห่อ,0
,,จัดของ ตจว.,product_P-FS-NO150,ห่อ,0
,,จัดของ ตจว.,product_P-FP-PANDA,ม้วน,0
,,จัดของ ตจว.,product_P-FP-VENUS,ม้วน,0
,,จัดของ ตจว.,product_P-RP-A4-70G,ห่อ,0
,,จัดของ ตจว.,product_P-DP-A-001,ห่อ,0
,,จัดของ ตจว.,product_P-DP-A-002,ห่อ,0
,,จัดของ ตจว.,product_P-DP-A-003,ห่อ,0
,,จัดของ ตจว.,product_P-DP-A-004,ห่อ,0
,,จัดของ ตจว.,product_P-DP-A-005,ห่อ,0
,,จัดของ ตจว.,product_P-DP-A-006,ห่อ,0
,,จัดของ ตจว.,product_P-DP-B-001,ห่อ,0
,,จัดของ ตจว.,product_P-DP-B-002,ห่อ,0
,,จัดของ ตจว.,product_P-DP-B-003,ห่อ,0
,,จัดของ ตจว.,product_P-DP-B-004,ห่อ,0
,,จัดของ ตจว.,product_P-DP-B-005,ห่อ,0
,,จัดของ ตจว.,product_P-DP-B-006,ห่อ,0
,,จัดของ ตจว.,product_P-DP-A-007,ห่อ,0
,,จัดของ ตจว.,product_P-DP-A-008,ห่อ,0
,,จัดของ ตจว.,product_P-DP-A-009,ห่อ,0
,,จัดของ ตจว.,product_P-DP-A-010,ห่อ,0
,,จัดของ ตจว.,product_P-DP-A-011,ห่อ,0
,,จัดของ ตจว.,product_P-DP-A-012,ห่อ,0
,,จัดของ ตจว.,product_P-DP-B-007,ห่อ,0
,,จัดของ ตจว.,product_P-DP-B-008,ห่อ,0
,,จัดของ ตจว.,product_P-DP-B-009,ห่อ,0
,,จัดของ ตจว.,product_P-DP-B-010,ห่อ,0
,,จัดของ ตจว.,product_P-DP-B-011,ห่อ,0
,,จัดของ ตจว.,product_P-DP-B-012,ห่อ,0
,,จัดของ ตจว.,product_P-DP-A-013,ห่อ,0
,,จัดของ ตจว.,product_P-DP-A-014,ห่อ,0
,,จัดของ ตจว.,product_P-DP-A-015,ห่อ,0
,,จัดของ ตจว.,product_P-DP-A-016,ห่อ,0
,,จัดของ ตจว.,product_P-DP-A-017,ห่อ,0
,,จัดของ ตจว.,product_P-DP-A-018,ห่อ,0
,,จัดของ ตจว.,product_P-DP-B-013,ห่อ,0
,,จัดของ ตจว.,product_P-DP-B-014,ห่อ,0
,,จัดของ ตจว.,product_P-DP-A-019,ห่อ,0
,,จัดของ ตจว.,product_P-DP-A-020,ห่อ,0
,,จัดของ ตจว.,product_P-DW-31*21dot5-120G,รีม,0
,,จัดของ ตจว.,product_P-DW-31*21dot5-150G,รีม,0
,,จัดของ ตจว.,product_P-DW-31*43-120G,รีม,0
,,จัดของ ตจว.,product_P-DW-31*43-150G,รีม,0
,,จัดของ ตจว.,product_P-DW-56*79-200G,รีม,0
,,จัดของ ตจว.,product_P-WS-NO65-200,ห่อ,0
,,จัดของ ตจว.,product_P-WS-NO65-300,ห่อ,0
,,จัดของ ตจว.,product_P-GW-100,ห่อ,0
,,จัดของ ตจว.,product_P-GW-125,ห่อ,0
,,จัดของ ตจว.,product_P-NB,กล่อง,0
,,จัดของ ตจว.,product_P-TC-AMANO,ห่อ,0
,,จัดของ ตจว.,product_P-TC-SAIKO,ห่อ,0
,,จัดของ ตจว.,product_P-FC-001,ห่อ,0
,,จัดของ ตจว.,product_P-FC-002,ห่อ,0
,,จัดของ ตจว.,product_P-FC-003,ห่อ,0
,,จัดของ ตจว.,product_P-FC-004,ห่อ,0
,,จัดของ ตจว.,product_P-FC-A4-2T,ห่อ,0
,,จัดของ ตจว.,product_N-TS-470L,เล่ม,0
,,จัดของ ตจว.,product_N-TS-A70L,เล่ม,0
,,จัดของ ตจว.,product_N-TS-A90L,เล่ม,0
,,จัดของ ตจว.,product_N-TS-AA100L,เล่ม,0
,,จัดของ ตจว.,product_N-TS-NO4NL,เล่ม,0
,,จัดของ ตจว.,product_N-TS-NO5NL,เล่ม,0
,,จัดของ ตจว.,product_N-TS-A70NL,เล่ม,0
,,จัดของ ตจว.,product_N-TS-AA100NL,เล่ม,0
,,จัดของ ตจว.,product_N-PV-A4406B,เล่ม,0
,,จัดของ ตจว.,product_N-PV-A4206,เล่ม,0
,,จัดของ ตจว.,product_N-PV-A4406,เล่ม,0
,,จัดของ ตจว.,product_N-PV-A4506,เล่ม,0
,,จัดของ ตจว.,product_N-PV-13,เล่ม,0
,,จัดของ ตจว.,product_N-DR-A5,เล่ม,0
,,จัดของ ตจว.,product_N-DR-B5,เล่ม,0
,,จัดของ ตจว.,product_N-DR-A5ORG,เล่ม,0
,,จัดของ ตจว.,product_N-DR-B6ORG,เล่ม,0
,,จัดของ ตจว.,product_N-DR-PD,เล่ม,0
,,จัดของ ตจว.,product_N-DR-HD,เล่ม,0
,,จัดของ ตจว.,product_N-DR-BP,เล่ม,0
,,จัดของ ตจว.,product_N-DR-PVCA5,เล่ม,0
,,จัดของ ตจว.,product_N-DR-BDB6,เล่ม,0
,,จัดของ ตจว.,product_N-DR-SA5ORG,เล่ม,0
,,จัดของ ตจว.,product_N-DR-SB5ORG,เล่ม,0
,,จัดของ ตจว.,product_N-PVC-136,เล่ม,0
,,จัดของ ตจว.,product_N-PVC-188,เล่ม,0
,,จัดของ ตจว.,product_N-PVC-199,เล่ม,0
,,จัดของ ตจว.,product_N-PVC-747,เล่ม,0
,,จัดของ ตจว.,product_N-TA-70G9100,เล่ม,0
,,จัดของ ตจว.,product_N-TA-70G9150,เล่ม,0
,,จัดของ ตจว.,product_N-TA-70G9200,เล่ม,0
,,จัดของ ตจว.,product_N-TA-100G9100,เล่ม,0
,,จัดของ ตจว.,product_N-TA-100G9150,เล่ม,0
,,จัดของ ตจว.,product_N-TA-100G9200,เล่ม,0
,,จัดของ ตจว.,product_N-TA-70G12100,เล่ม,0
,,จัดของ ตจว.,product_N-TA-70G12150,เล่ม,0
,,จัดของ ตจว.,product_N-TA-70G12200,เล่ม,0
,,จัดของ ตจว.,product_N-TA-100G12100,เล่ม,0
,,จัดของ ตจว.,product_N-TA-100G12150,เล่ม,0
,,จัดของ ตจว.,product_N-TA-100G12200,เล่ม,0
,,จัดของ ตจว.,product_N-TA-80GAA20100,เล่ม,0
,,จัดของ ตจว.,product_N-TA-80GAA20150,เล่ม,0
,,จัดของ ตจว.,product_N-TA-80GAA20200,เล่ม,0
,,จัดของ ตจว.,product_N-TA-55G840,เล่ม,0
,,จัดของ ตจว.,product_N-TA-55G12100,เล่ม,0
,,จัดของ ตจว.,product_N-TA-55G12150,เล่ม,0
,,จัดของ ตจว.,product_N-TA-55G12200,เล่ม,0
,,จัดของ ตจว.,product_N-TA-55G20100,เล่ม,0
,,จัดของ ตจว.,product_N-TA-55G20150,เล่ม,0
,,จัดของ ตจว.,product_N-TA-55G20200,เล่ม,0
,,จัดของ ตจว.,product_N-TA-55GA20200,เล่ม,0
,,จัดของ ตจว.,product_N-TA-60G2070PVC,เล่ม,0
,,จัดของ ตจว.,product_N-TA-60G842C,เล่ม,0
,,จัดของ ตจว.,product_N-TA-60G12100C,เล่ม,0
,,จัดของ ตจว.,product_N-TA-60G12100PVC,เล่ม,0
,,จัดของ ตจว.,product_N-WA-2S550,เล่ม,0
,,จัดของ ตจว.,product_N-WA-2S5100,เล่ม,0
,,จัดของ ตจว.,product_N-WA-2S5150,เล่ม,0
,,จัดของ ตจว.,product_N-WA-2S5200,เล่ม,0
,,จัดของ ตจว.,product_N-WA-2D550,เล่ม,0
,,จัดของ ตจว.,product_N-WA-2D5100,เล่ม,0
,,จัดของ ตจว.,product_N-WA-2D5150,เล่ม,0
,,จัดของ ตจว.,product_N-WA-2D5200,เล่ม,0
,,จัดของ ตจว.,product_N-WA-2S850,เล่ม,0
,,จัดของ ตจว.,product_N-WA-2S8100,เล่ม,0
,,จัดของ ตจว.,product_N-WA-2D850,เล่ม,0
,,จัดของ ตจว.,product_N-WA-2D8100,เล่ม,0
,,จัดของ ตจว.,product_N-WA-3S550,เล่ม,0
,,จัดของ ตจว.,product_N-WA-3S5100,เล่ม,0
,,จัดของ ตจว.,product_N-WA-3S5150,เล่ม,0
,,จัดของ ตจว.,product_N-WA-3S5200,เล่ม,0
,,จัดของ ตจว.,product_N-WA-3D550,เล่ม,0
,,จัดของ ตจว.,product_N-WA-3D5100,เล่ม,0
,,จัดของ ตจว.,product_N-WA-3D5150,เล่ม,0
,,จัดของ ตจว.,product_N-WA-3D5200,เล่ม,0
,,จัดของ ตจว.,product_N-WA-3S850,เล่ม,0
,,จัดของ ตจว.,product_N-WA-3S8100,เล่ม,0
,,จัดของ ตจว.,product_N-WA-3D850,เล่ม,0
,,จัดของ ตจว.,product_N-WA-3D8100,เล่ม,0
,,จัดของ ตจว.,product_N-WA-4S550,เล่ม,0
,,จัดของ ตจว.,product_N-WA-4S5100,เล่ม,0
,,จัดของ ตจว.,product_N-WA-4S5150,เล่ม,0
,,จัดของ ตจว.,product_N-WA-4S5200,เล่ม,0
,,จัดของ ตจว.,product_N-WA-4D550,เล่ม,0
,,จัดของ ตจว.,product_N-WA-4D5100,เล่ม,0
,,จัดของ ตจว.,product_N-WA-4D5150,เล่ม,0
,,จัดของ ตจว.,product_N-WA-4D5200,เล่ม,0
,,จัดของ ตจว.,product_N-WA-5S550,เล่ม,0
,,จัดของ ตจว.,product_N-WA-5S5100,เล่ม,0
,,จัดของ ตจว.,product_N-WA-5S5150,เล่ม,0
,,จัดของ ตจว.,product_N-WA-5S5200,เล่ม,0
,,จัดของ ตจว.,product_N-WA-5D550,เล่ม,0
,,จัดของ ตจว.,product_N-WA-5D5100,เล่ม,0
,,จัดของ ตจว.,product_N-WA-5D150,เล่ม,0
,,จัดของ ตจว.,product_N-WA-5D5200,เล่ม,0
,,จัดของ ตจว.,product_N-WA-8D550,เล่ม,0
,,จัดของ ตจว.,product_N-WA-8D5100,เล่ม,0
,,จัดของ ตจว.,product_N-WA-8D5150,เล่ม,0
,,จัดของ ตจว.,product_N-WA-8D5200,เล่ม,0
,,จัดของ ตจว.,product_N-WA-10D550,เล่ม,0
,,จัดของ ตจว.,product_N-WA-10D5100,เล่ม,0
,,จัดของ ตจว.,product_N-WA-10D5150,เล่ม,0
,,จัดของ ตจว.,product_N-WA-10D5200,เล่ม,0
,,จัดของ ตจว.,product_N-WA-GL550,เล่ม,0
,,จัดของ ตจว.,product_N-WA-GL5100,เล่ม,0
,,จัดของ ตจว.,product_N-WA-GL5150,เล่ม,0
,,จัดของ ตจว.,product_N-WA-GL5200,เล่ม,0
,,จัดของ ตจว.,product_N-WA-GL850,เล่ม,0
,,จัดของ ตจว.,product_N-WA-GL8100,เล่ม,0
,,จัดของ ตจว.,product_N-GA-2S550,เล่ม,0
,,จัดของ ตจว.,product_N-GA-2S5100,เล่ม,0
,,จัดของ ตจว.,product_N-GA-2S5150,เล่ม,0
,,จัดของ ตจว.,product_N-GA-2S5200,เล่ม,0
,,จัดของ ตจว.,product_N-GA-2D550,เล่ม,0
,,จัดของ ตจว.,product_N-GA-2D5100,เล่ม,0
,,จัดของ ตจว.,product_N-GA-2D5150,เล่ม,0
,,จัดของ ตจว.,product_N-GA-2D5200,เล่ม,0
,,จัดของ ตจว.,product_N-GA-3S550,เล่ม,0
,,จัดของ ตจว.,product_N-GA-3S5100,เล่ม,0
,,จัดของ ตจว.,product_N-GA-3S5150,เล่ม,0
,,จัดของ ตจว.,product_N-GA-3S5200,เล่ม,0
,,จัดของ ตจว.,product_N-GA-3D550,เล่ม,0
,,จัดของ ตจว.,product_N-GA-3D5100,เล่ม,0
,,จัดของ ตจว.,product_N-GA-3D5150,เล่ม,0
,,จัดของ ตจว.,product_N-GA-3D5200,เล่ม,0
,,จัดของ ตจว.,product_N-GA-5S550,เล่ม,0
,,จัดของ ตจว.,product_N-GA-5S5100,เล่ม,0
,,จัดของ ตจว.,product_N-GA-5D550,เล่ม,0
,,จัดของ ตจว.,product_N-GA-5D5100,เล่ม,0
,,จัดของ ตจว.,product_N-GA-5D5150,เล่ม,0
,,จัดของ ตจว.,product_N-GA-5D5200,เล่ม,0
,,จัดของ ตจว.,product_N-GA-10D550,เล่ม,0
,,จัดของ ตจว.,product_N-GA-10D5100,เล่ม,0
,,จัดของ ตจว.,product_N-GA-10D5150,เล่ม,0
,,จัดของ ตจว.,product_N-GA-10D5200,เล่ม,0
,,จัดของ ตจว.,product_N-GA-12D450,เล่ม,0
,,จัดของ ตจว.,product_N-GA-12D4100,เล่ม,0
,,จัดของ ตจว.,product_N-GA-12D4150,เล่ม,0
,,จัดของ ตจว.,product_N-GA-12D4200,เล่ม,0
,,จัดของ ตจว.,product_N-GA-14D450,เล่ม,0
,,จัดของ ตจว.,product_N-GA-14D4100,เล่ม,0
,,จัดของ ตจว.,product_N-GA-14D4150,เล่ม,0
,,จัดของ ตจว.,product_N-GA-16D350,เล่ม,0
,,จัดของ ตจว.,product_N-GA-16D3100,เล่ม,0
,,จัดของ ตจว.,product_N-GA-18D350,เล่ม,0
,,จัดของ ตจว.,product_N-GA-18D3100,เล่ม,0
,,จัดของ ตจว.,product_N-GA-21D350,เล่ม,0
,,จัดของ ตจว.,product_N-GA-21D3100,เล่ม,0
,,จัดของ ตจว.,product_N-GA-21D3150,เล่ม,0
,,จัดของ ตจว.,product_N-GA-21D3200,เล่ม,0
,,จัดของ ตจว.,product_N-GA-21D350A,เล่ม,0
,,จัดของ ตจว.,product_N-GA-21D3100A,เล่ม,0
,,จัดของ ตจว.,product_N-GA-516D350,เล่ม,0
,,จัดของ ตจว.,product_N-GA-516D3100,เล่ม,0
,,จัดของ ตจว.,product_N-GA-516D3150,เล่ม,0
,,จัดของ ตจว.,product_N-GA-516D3200,เล่ม,0
,,จัดของ ตจว.,product_N-HV-51007,เล่ม,0
,,จัดของ ตจว.,product_N-HVB-51007,เล่ม,0
,,จัดของ ตจว.,product_N-HV-91007,เล่ม,0
,,จัดของ ตจว.,product_N-HV-91006,เล่ม,0
,,จัดของ ตจว.,product_N-BV-2706,เล่ม,0
,,จัดของ ตจว.,product_N-HV-201006,เล่ม,0
,,จัดของ ตจว.,product_N-HV-121006,เล่ม,0
,,จัดของ ตจว.,product_N-HVDW-A51007,เล่ม,0
,,จัดของ ตจว.,product_N-HVC-55G4100,เล่ม,0
,,จัดของ ตจว.,product_N-HVC-55G5100,เล่ม,0
,,จัดของ ตจว.,product_N-HVT-80G4100,เล่ม,0
,,จัดของ ตจว.,product_N-HVT-80G4150,เล่ม,0
,,จัดของ ตจว.,product_N-HVT-80G4200,เล่ม,0
,,จัดของ ตจว.,product_N-HVT-100G4100,เล่ม,0
,,จัดของ ตจว.,product_N-HVT-100G4150,เล่ม,0
,,จัดของ ตจว.,product_N-HVT-100G4200,เล่ม,0
,,จัดของ ตจว.,product_N-HVT-HVB51007,เล่ม,0
,,จัดของ ตจว.,product_N-HVT-70G5100A,เล่ม,0
,,จัดของ ตจว.,product_N-HVT-70G5150,เล่ม,0
,,จัดของ ตจว.,product_N-HVT-70G5200,เล่ม,0
,,จัดของ ตจว.,product_N-HVT-100G550,เล่ม,0
,,จัดของ ตจว.,product_N-HVT-100G5100,เล่ม,0
,,จัดของ ตจว.,product_N-HVT-100G5150,เล่ม,0
,,จัดของ ตจว.,product_N-HVT-100G5200,เล่ม,0
,,จัดของ ตจว.,product_N-HVT-70G8100,เล่ม,0
,,จัดของ ตจว.,product_N-HVT-100G8100,เล่ม,0
,,จัดของ ตจว.,product_N-HVS-100G5100,เล่ม,0
,,จัดของ ตจว.,product_N-HVS-100G5150,เล่ม,0
,,จัดของ ตจว.,product_N-HVS-100G5200,เล่ม,0
,,จัดของ ตจว.,product_N-HVS-100G8100,เล่ม,0
,,จัดของ ตจว.,product_N-HVS-100G8150,เล่ม,0
,,จัดของ ตจว.,product_N-HVS-100G8200,เล่ม,0
,,จัดของ ตจว.,product_N-HVS-100G9100,เล่ม,0
,,จัดของ ตจว.,product_N-HVS-100G9150,เล่ม,0
,,จัดของ ตจว.,product_N-HVS-100G9200,เล่ม,0
,,จัดของ ตจว.,product_N-HVS-100G18100,เล่ม,0
,,จัดของ ตจว.,product_N-TD-930,เล่ม,0
,,จัดของ ตจว.,product_N-TD-936,เล่ม,0
,,จัดของ ตจว.,product_N-TD-940,เล่ม,0
,,จัดของ ตจว.,product_N-TD-970,เล่ม,0
,,จัดของ ตจว.,product_N-TD-9100,เล่ม,0
,,จัดของ ตจว.,product_N-BL-260,เล่ม,0
,,จัดของ ตจว.,product_N-BL-270,เล่ม,0
,,จัดของ ตจว.,product_N-BL-280,เล่ม,0
,,จัดของ ตจว.,product_N-BL-2260,เล่ม,0
,,จัดของ ตจว.,product_N-BL-250C,เล่ม,0
,,จัดของ ตจว.,product_N-BL-260C,เล่ม,0
,,จัดของ ตจว.,product_N-BL-270PVC,เล่ม,0
,,จัดของ ตจว.,product_N-BL-452C,เล่ม,0
,,จัดของ ตจว.,product_N-BL-480,เล่ม,0
,,จัดของ ตจว.,product_N-BL-4260,เล่ม,0
,,จัดของ ตจว.,product_N-PPT-9306,เล่ม,0
,,จัดของ ตจว.,product_N-PPT-8307,เล่ม,0
,,จัดของ ตจว.,product_N-PPW-OF-8507-1,เล่ม,0
,,จัดของ ตจว.,product_N-PPW-8607,เล่ม,0
,,จัดของ ตจว.,product_N-PPB-8607,เล่ม,0
,,จัดของ ตจว.,product_N-PPN-16607,เล่ม,0
,,จัดของ ตจว.,product_N-PPW-A51007,เล่ม,0
,,จัดของ ตจว.,product_N-PPW-OF-A5807-1,เล่ม,0
,,จัดของ ตจว.,product_N-PPB-A5607,เล่ม,0
,,จัดของ ตจว.,product_N-PVC-A58080,เล่ม,0
,,จัดของ ตจว.,product_N-PPBD-A5607,เล่ม,0
,,จัดของ ตจว.,product_N-PPW-A6407,เล่ม,0
,,จัดของ ตจว.,product_N-PPW-OF-A6807-1,เล่ม,0
,,จัดของ ตจว.,product_N-PPW-A7607,เล่ม,0
,,จัดของ ตจว.,product_N-PPT-32307,เล่ม,0
,,จัดของ ตจว.,product_N-F920,เล่ม,0
,,จัดของ ตจว.,product_N-F940,เล่ม,0
,,จัดของ ตจว.,product_N-F950,เล่ม,0
,,จัดของ ตจว.,product_N-F960,เล่ม,0
,,จัดของ ตจว.,product_N-F980,เล่ม,0
,,จัดของ ตจว.,product_N-F9100,เล่ม,0
,,จัดของ ตจว.,product_N-EF5,เล่ม,0
,,จัดของ ตจว.,product_N-EF5_notuse,เล่ม,0
,,จัดของ ตจว.,product_N-EF10,เล่ม,0
,,จัดของ ตจว.,product_N-EF20,เล่ม,0
,,จัดของ ตจว.,product_N-AF5,เล่ม,0
,,จัดของ ตจว.,product_N-AF5_notuse,เล่ม,0
,,จัดของ ตจว.,product_N-AF10,เล่ม,0
,,จัดของ ตจว.,product_N-F8306,เล่ม,0
,,จัดของ ตจว.,product_N-F8307,เล่ม,0
,,จัดของ ตจว.,product_N-FA6306,เล่ม,0
,,จัดของ ตจว.,product_N-FA7306,เล่ม,0
,,จัดของ ตจว.,product_N-AF10PB,เล่ม,0
,,จัดของ ตจว.,product_N-NV-9407,เล่ม,0
,,จัดของ ตจว.,product_N-NV-8307,เล่ม,0
,,จัดของ ตจว.,product_N-PBF-8407,เล่ม,0
,,จัดของ ตจว.,product_N-GNB-B5406,เล่ม,0
,,จัดของ ตจว.,product_N-GNB-B5307,เล่ม,0
,,จัดของ ตจว.,product_N-GNB-B5407,เล่ม,0
,,จัดของ ตจว.,product_N-NV-M-8607,เล่ม,0
,,จัดของ ตจว.,product_N-NV-M-A5407,เล่ม,0
,,จัดของ ตจว.,product_N-NV2506C,เล่ม,0
,,จัดของ ตจว.,product_N-NV2506CC,เล่ม,0
,,จัดของ ตจว.,product_N-DWF8407,เล่ม,0
,,จัดของ ตจว.,product_N-D-810VE,เล่ม,0
,,จัดของ ตจว.,product_N-D-410VE,เล่ม,0
,,จัดของ ตจว.,product_N-D810,เล่ม,0
,,จัดของ ตจว.,product_N-D410,เล่ม,0
,,จัดของ ตจว.,product_N-DV-410150,เล่ม,0
,,จัดของ ตจว.,product_N-D-614,เล่ม,0
,,จัดของ ตจว.,product_N-D-640,เล่ม,0
,,จัดของ ตจว.,product_N-PN-S940,เล่ม,0
,,จัดของ ตจว.,product_N-PN-S980,เล่ม,0
,,จัดของ ตจว.,product_N-PN-H940,เล่ม,0
,,จัดของ ตจว.,product_N-PN-H980,เล่ม,0
,,จัดของ ตจว.,product_N-PN-G940,เล่ม,0
,,จัดของ ตจว.,product_N-PN-G980,เล่ม,0
,,จัดของ ตจว.,product_N-PN-5L940,เล่ม,0
,,จัดของ ตจว.,product_N-PN-5L980,เล่ม,0
,,จัดของ ตจว.,product_N-PN-HW930,เล่ม,0
,,จัดของ ตจว.,product_N-SPT-S940,เล่ม,0
,,จัดของ ตจว.,product_N-SPT-S980,เล่ม,0
,,จัดของ ตจว.,product_N-SPT-H940,เล่ม,0
,,จัดของ ตจว.,product_N-SPT-H980,เล่ม,0
,,จัดของ ตจว.,product_N-SPT-G940,เล่ม,0
,,จัดของ ตจว.,product_N-SPT-G980,เล่ม,0
,,จัดของ ตจว.,product_N-SPT-5L940,เล่ม,0
,,จัดของ ตจว.,product_N-SPT-5L980,เล่ม,0
,,จัดของ ตจว.,product_N-SPT-S60G940,เล่ม,0
,,จัดของ ตจว.,product_N-SPT-S60G980,เล่ม,0
,,จัดของ ตจว.,product_N-SPT-H60G940,เล่ม,0
,,จัดของ ตจว.,product_N-SPT-H60G980,เล่ม,0
,,จัดของ ตจว.,product_N-SPT-G60G940,เล่ม,0
,,จัดของ ตจว.,product_N-SPT-G60G980,เล่ม,0
,,จัดของ ตจว.,product_N-SPT-5L60G940,เล่ม,0
,,จัดของ ตจว.,product_N-SPT-5L60G980,เล่ม,0
,,จัดของ ตจว.,product_N-MIS-VE924,เล่ม,0
,,จัดของ ตจว.,product_N-MIS-UNI980,เล่ม,0
,,จัดของ ตจว.,product_N-MIS-NO940,เล่ม,0
,,จัดของ ตจว.,product_N-MIS-DW930,เล่ม,0
,,จัดของ ตจว.,product_N-MIS-DW1830,เล่ม,0
,,จัดของ ตจว.,product_N-MIS-MV810100,เล่ม,0
,,จัดของ ตจว.,product_N-MIS-NO333,เล่ม,0
,,จัดของ ตจว.,product_N-MIS-GB01,เล่ม,0
,,จัดของ ตจว.,product_N-MIS-CTM1120,เล่ม,0
,,จัดของ ตจว.,product_N-MIS-CTB1120,เล่ม,0
,,จัดของ ตจว.,product_N-MIS-CTM01,เล่ม,0
,,จัดของ ตจว.,product_N-MIS-CTB02,เล่ม,0
,,จัดของ ตจว.,product_N-MIS-PEON1850,เล่ม,0
,,จัดของ ตจว.,product_N-MIS-PEON18100,เล่ม,0
,,จัดของ ตจว.,product_N-MIS-TANO1,เล่ม,0
,,จัดของ ตจว.,product_N-MIS-TANO2,เล่ม,0
,,จัดของ ตจว.,product_N-MIS-TAA440,เล่ม,0
,,จัดของ ตจว.,product_N-MIS-GLA440,เล่ม,0
,,จัดของ ตจว.,product_MSA,โหล,0
,,จัดของ ตจว.,product_MSB-NO900,โหล,0
,,จัดของ ตจว.,product_MSB-NO901,โหล,0
,,จัดของ ตจว.,product_MSB-NO902,โหล,0
,,จัดของ ตจว.,product_MSB-NO903,โหล,0
,,จัดของ ตจว.,product_MSB-NO904,โหล,0
,,จัดของ ตจว.,product_MSB-NO905,โหล,0
,,จัดของ ตจว.,product_MSB-NO906,โหล,0
,,จัดของ ตจว.,product_MSB-NO907,โหล,0
,,จัดของ ตจว.,product_MSB-NO908,โหล,0
,,จัดของ ตจว.,product_MSB-NO909,โหล,0
,,จัดของ ตจว.,product_MSB-NO910,โหล,0
,,จัดของ ตจว.,product_MSB-001,โหล,0
,,จัดของ ตจว.,product_MSB-002,โหล,0
,,จัดของ ตจว.,product_MSB-003,โหล,0
,,จัดของ ตจว.,product_MSB-004,โหล,0
,,จัดของ ตจว.,product_MSB-005,โหล,0
,,จัดของ ตจว.,product_MSC-BL,ด้าม,0
,,จัดของ ตจว.,product_MSC-RD,ด้าม,0
,,จัดของ ตจว.,product_MSD,ด้าม,0
,,จัดของ ตจว.,product_MSE,แท่ง,0
,,จัดของ ตจว.,product_MSF,อัน,0
,,จัดของ ตจว.,product_MSG,อัน,0
,,จัดของ ตจว.,product_MSH,อัน,0
,,จัดของ ตจว.,product_MSI-001,โหล,0
,,จัดของ ตจว.,product_MSI-002,โหล,0
,,จัดของ ตจว.,product_MSI-003,โหล,0
,,จัดของ ตจว.,product_MSI-004,โหล,0
,,จัดของ ตจว.,product_MSI-005,โหล,0
,,จัดของ ตจว.,product_MSI-006,โหล,0
,,จัดของ ตจว.,product_MSI-007,โหล,0
,,จัดของ ตจว.,product_MSI-008,โหล,0
,,จัดของ ตจว.,product_MSI-009,โหล,0
,,จัดของ ตจว.,product_MSI-010,โหล,0
,,จัดของ ตจว.,product_MSI-011,โหล,0
,,จัดของ ตจว.,product_MSI-012,โหล,0
,,จัดของ ตจว.,product_MSJ-NO2,เล่ม,0
,,จัดของ ตจว.,product_MSJ-NO3,เล่ม,0
,,จัดของ ตจว.,product_MSK-001,เล่ม,0
,,จัดของ ตจว.,product_MSK-002,เล่ม,0
,,จัดของ ตจว.,product_MSK-003,เล่ม,0
,,จัดของ ตจว.,product_MSK-004,เล่ม,0
,,จัดของ ตจว.,product_MSK-005,เล่ม,0
,,จัดของ ตจว.,product_MSK-006,เล่ม,0
,,จัดของ ตจว.,product_MSK-007,เล่ม,0
,,จัดของ ตจว.,product_MSL-001,เล่ม,0
,,จัดของ ตจว.,product_MSL-002,เล่ม,0
,,จัดของ ตจว.,product_MSL-003,เล่ม,0
,,จัดของ ตจว.,product_MSL-004,เล่ม,0
,,จัดของ ตจว.,product_MSL-005,เล่ม,0
,,จัดของ ตจว.,product_MSL-006,เล่ม,0
,,จัดของ ตจว.,product_MSL-007,เล่ม,0
,,จัดของ ตจว.,product_MSL-008,เล่ม,0
,,จัดของ ตจว.,product_94809,ห่อ,0
,,จัดของ ตจว.,product_95056,ห่อ,0
,,จัดของ ตจว.,product_103098,ห่อ,0
,,จัดของ ตจว.,product_103104,ห่อ,0
,,จัดของ ตจว.,product_103105,ห่อ,0
,,จัดของ ตจว.,product_103106,ห่อ,0
,,จัดของ ตจว.,product_103107,ห่อ,0
,,จัดของ ตจว.,product_103138,ห่อ,0
,,จัดของ ตจว.,product_106700,ห่อ,0
,,จัดของ ตจว.,product_112477,ห่อ,0
,,จัดของ ตจว.,product_112480,ห่อ,0
,,จัดของ ตจว.,product_112488,ห่อ,0
,,จัดของ ตจว.,product_112493,ห่อ,0
,,จัดของ ตจว.,product_112507,ห่อ,0
,,จัดของ ตจว.,product_124006,ห่อ,0
,,จัดของ ตจว.,product_124950,ห่อ,0
,,จัดของ ตจว.,product_135230,ห่อ,0
,,จัดของ ตจว.,product_135239,ห่อ,0
,,จัดของ ตจว.,product_137677,ห่อ,0
,,จัดของ ตจว.,product_139364,ห่อ,0
,,จัดของ ตจว.,product_139528,ห่อ,0
,,จัดของ ตจว.,product_140001,ห่อ,0
,,จัดของ ตจว.,product_140002,ห่อ,0
,,จัดของ ตจว.,product_147372,ห่อ,0
,,จัดของ ตจว.,product_157360,ห่อ,0
,,จัดของ ตจว.,product_194527,ห่อ,0
,,จัดของ ตจว.,product_194528,ห่อ,0
,,จัดของ ตจว.,product_235301,ห่อ,0
,,จัดของ ตจว.,product_235302,ห่อ,0
,,จัดของ ตจว.,product_235307,ห่อ,0
,,จัดของ ตจว.,product_235308,ห่อ,0
,,จัดของ ตจว.,product_26000,เล่ม,0
,,จัดของ ตจว.,product_56875,เล่ม,0
,,จัดของ ตจว.,product_94679,ห่อ,0
,,จัดของ ตจว.,product_94692,ห่อ,0
,,จัดของ ตจว.,product_94796,ห่อ,0
,,จัดของ ตจว.,product_114225,เล่ม,0
,,จัดของ ตจว.,product_114232,เล่ม,0
,,จัดของ ตจว.,product_114236,เล่ม,0
,,จัดของ ตจว.,product_114253,เล่ม,0
,,จัดของ ตจว.,product_132067,ห่อ,0
,,จัดของ ตจว.,product_143720,เล่ม,0
,,จัดของ ตจว.,product_143722,เล่ม,0
,,จัดของ ตจว.,product_159000,เล่ม,0
,,จัดของ ตจว.,product_159001,เล่ม,0
,,จัดของ ตจว.,product_159002,เล่ม,0
,,จัดของ ตจว.,product_159003,เล่ม,0
,,จัดของ ตจว.,product_159004,เล่ม,0
,,จัดของ ตจว.,product_192403,เล่ม,0
,,จัดของ ตจว.,product_192412,เล่ม,0
,,จัดของ ตจว.,product_192472,เล่ม,0
,,จัดของ ตจว.,product_192476,เล่ม,0
,,จัดของ ตจว.,product_209768,เล่ม,0
,,จัดของ ตจว.,product_291187,เล่ม,0
,,จัดของ ตจว.,product_444029,เล่ม,0
,,จัดของ ตจว.,product_444048,เล่ม,0
,,จัดของ ตจว.,product_444057,เล่ม,0
,,จัดของ ตจว.,product_444058,เล่ม,0
,,จัดของ ตจว.,product_444059,เล่ม,0
,,จัดของ ตจว.,product_482482,เล่ม,0
,,จัดของ ตจว.,product_649519,เล่ม,0
,,จัดของ ตจว.,product_768768,เล่ม,0
,,จัดของ ตจว.,product_769769,เล่ม,0
,,จัดของ ตจว.,product_949949,เล่ม,0
,,จัดของ ตจว.,product_950950,เล่ม,0
,,จัดของ ตจว.,product_958958,เล่ม,0
,,จัดของ ตจว.,product_984984,เล่ม,0
,,จัดของ ตจว.,product_1184820,เล่ม,0
,,จัดของ ตจว.,product_1184977,เล่ม,0
,,จัดของ ตจว.,product_1184978,เล่ม,0
,,จัดของ ตจว.,product_1184979,เล่ม,0
,,จัดของ ตจว.,product_1184980,เล่ม,0
,,จัดของ ตจว.,product_1185085,แผ่น,0
,,จัดของ ตจว.,product_1185096,แผ่น,0
,,จัดของ ตจว.,product_1207523,เล่ม,0
,,จัดของ ตจว.,product_1918591,เล่ม,0
,,จัดของ ตจว.,product_2800528,เล่ม,0
,,จัดของ ตจว.,product_2800529,เล่ม,0
,,จัดของ ตจว.,product_1911581,เล่ม,0
,,จัดของ ตจว.,product_1911582,เล่ม,0
,,จัดของ ตจว.,product_1802555,เล่ม,0
,,จัดของ ตจว.,product_268335,เล่ม,0
,,จัดของ ตจว.,product_1908007,เล่ม,0
,,จัดของ ตจว.,product_1908008,เล่ม,0
,,จัดของ ตจว.,product_1802560,เล่ม,0
,,จัดของ ตจว.,product_1802561,เล่ม,0
,,จัดของ ตจว.,product_261442,เล่ม,0
,,จัดของ ตจว.,product_268309,เล่ม,0
,,จัดของ ตจว.,product_268691,เล่ม,0
,,จัดของ ตจว.,product_268693,เล่ม,0
,,จัดของ ตจว.,product_1643087,เล่ม,0
,,จัดของ ตจว.,product_2012644,เล่ม,0
,,จัดของ ตจว.,product_2012645,เล่ม,0
,,จัดของ ตจว.,product_2011923,เล่ม,0
,,จัดของ ตจว.,product_1534566,เล่ม,0
,,จัดของ ตจว.,product_2321224,เล่ม,0
,,จัดของ ตจว.,product_2241339,เล่ม,0
,,จัดของ ตจว.,product_1451543,เล่ม,0
,,จัดของ ตจว.,product_708067,เล่ม,0
,,จัดของ ตจว.,product_1300369,เล่ม,0
,,จัดของ ตจว.,product_1451547,เล่ม,0
,,จัดของ ตจว.,product_1451548,เล่ม,0
,,จัดของ ตจว.,product_1164684,เล่ม,0
,,จัดของ ตจว.,product_1451544,เล่ม,0
,,จัดของ ตจว.,product_846309,เล่ม,0
,,จัดของ ตจว.,product_1802343,เล่ม,0
,,จัดของ ตจว.,product_1244402,เล่ม,0
,,จัดของ ตจว.,product_2525970,เล่ม,0
,,จัดของ ตจว.,product_2525972,เล่ม,0
,,จัดของ ตจว.,product_2525974,เล่ม,0
,,จัดของ ตจว.,product_2249447,เล่ม,0
,,จัดของ ตจว.,product_1726869,เล่ม,0
,,จัดของ ตจว.,product_2249452,เล่ม,0
,,จัดของ ตจว.,product_2800087,เล่ม,0
,,จัดของ ตจว.,product_2800530,เล่ม,0
,,จัดของ ตจว.,product_2800531,เล่ม,0
,,จัดของ ตจว.,product_2800532,เล่ม,0
,,จัดของ ตจว.,product_2800533,เล่ม,0
,,จัดของ ตจว.,product_2800534,เล่ม,0
,,จัดของ ตจว.,product_2800535,เล่ม,0
,,จัดของ ตจว.,product_2800537,เล่ม,0
,,จัดของ ตจว.,product_2800538,เล่ม,0
,,จัดของ ตจว.,product_2800539,เล่ม,0
,,จัดของ ตจว.,product_2800540,เล่ม,0
,,จัดของ ตจว.,product_2800541,เล่ม,0
,,จัดของ ตจว.,product_2800542,เล่ม,0
,,จัดของ ตจว.,product_2800543,เล่ม,0
,,จัดของ ตจว.,product_2800544,เล่ม,0
,,จัดของ ตจว.,product_2800545,เล่ม,0
,,จัดของ ตจว.,product_2800546,เล่ม,0
,,จัดของ ตจว.,product_2800547,เล่ม,0
,,จัดของ ตจว.,product_2800548,เล่ม,0
,,จัดของ ตจว.,product_2800549,เล่ม,0
,,จัดของ ตจว.,product_1993315,เล่ม,0
,,จัดของ ตจว.,product_2800551,เล่ม,0
,,จัดของ ตจว.,product_2800552,เล่ม,0
,,จัดของ ตจว.,product_1908011,เล่ม,0
,,จัดของ ตจว.,product_1127130,เล่ม,0
,,จัดของ ตจว.,product_1127175,เล่ม,0
,,จัดของ ตจว.,product_1127131,เล่ม,0
,,จัดของ ตจว.,product_1127176,เล่ม,0
,,จัดของ ตจว.,product_3184434,เล่ม,0
,,จัดของ ตจว.,product_3168609,เล่ม,0
,,จัดของ ตจว.,product_3168615,เล่ม,0
,,จัดของ ตจว.,product_2526054,เล่ม,0
,,จัดของ ตจว.,product_2767605,เล่ม,0
,,จัดของ ตจว.,product_1245065,เล่ม,0
,,จัดของ ตจว.,product_1534561,เล่ม,0
,,จัดของ ตจว.,product_1534565,เล่ม,0
,,จัดของ ตจว.,product_2188812,เล่ม,0
,,จัดของ ตจว.,product_1868860,เล่ม,0
,,จัดของ ตจว.,product_1801611,แผ่น,0
,,จัดของ ตจว.,product_1534821,เล่ม,0
,,จัดของ ตจว.,product_2186434,เล่ม,0
,,จัดของ ตจว.,product_2186436,เล่ม,0
,,จัดของ ตจว.,product_1812974,เล่ม,0
,,จัดของ ตจว.,product_2800629,เล่ม,0
,,จัดของ ตจว.,product_2800630,เล่ม,0
,,จัดของ ตจว.,product_2800631,เล่ม,0
,,จัดของ ตจว.,product_2800632,เล่ม,0
,,จัดของ ตจว.,product_2800633,เล่ม,0
,,จัดของ ตจว.,product_2800635,เล่ม,0
,,จัดของ ตจว.,product_2800636,เล่ม,0
,,จัดของ ตจว.,product_2800637,เล่ม,0
,,จัดของ ตจว.,product_2800638,เล่ม,0
,,จัดของ ตจว.,product_2800639,เล่ม,0
,,จัดของ ตจว.,product_2800640,เล่ม,0
,,จัดของ ตจว.,product_2800641,เล่ม,0
,,จัดของ ตจว.,product_2800642,เล่ม,0
,,จัดของ ตจว.,product_2800643,เล่ม,0
,,จัดของ ตจว.,product_2800644,เล่ม,0
,,จัดของ ตจว.,product_2800645,เล่ม,0
,,จัดของ ตจว.,product_2800646,เล่ม,0
,,จัดของ ตจว.,product_2800647,เล่ม,0
,,จัดของ ตจว.,product_2800649,เล่ม,0
,,จัดของ ตจว.,product_2800650,เล่ม,0
,,จัดของ ตจว.,product_2800453,เล่ม,0
,,จัดของ ตจว.,product_2800454,เล่ม,0
,,จัดของ ตจว.,product_2800456,เล่ม,0
,,จัดของ ตจว.,product_2800457,เล่ม,0
,,จัดของ ตจว.,product_2800458,เล่ม,0
,,จัดของ ตจว.,product_2800465,เล่ม,0
,,จัดของ ตจว.,product_2800459,เล่ม,0
,,จัดของ ตจว.,product_2800460,เล่ม,0
,,จัดของ ตจว.,product_2800461,เล่ม,0
,,จัดของ ตจว.,product_2800462,เล่ม,0
,,จัดของ ตจว.,product_2800463,เล่ม,0
,,จัดของ ตจว.,product_2800464,เล่ม,0
,,จัดของ ตจว.,product_2800467,เล่ม,0
,,จัดของ ตจว.,product_2800468,เล่ม,0
,,จัดของ ตจว.,product_2800470,เล่ม,0
,,จัดของ ตจว.,product_2800471,เล่ม,0
,,จัดของ ตจว.,product_2800473,เล่ม,0
,,จัดของ ตจว.,product_2800474,เล่ม,0
,,จัดของ ตจว.,product_2800679,เล่ม,0
,,จัดของ ตจว.,product_2800680,เล่ม,0
,,จัดของ ตจว.,product_2800681,เล่ม,0
,,จัดของ ตจว.,product_2800683,เล่ม,0
,,จัดของ ตจว.,product_2800684,เล่ม,0
,,จัดของ ตจว.,product_2800685,เล่ม,0
,,จัดของ ตจว.,product_2800686,เล่ม,0
,,จัดของ ตจว.,product_2800687,เล่ม,0
,,จัดของ ตจว.,product_2800688,เล่ม,0
,,จัดของ ตจว.,product_2800689,เล่ม,0
,,จัดของ ตจว.,product_2800690,เล่ม,0
,,จัดของ ตจว.,product_2800691,เล่ม,0
,,จัดของ ตจว.,product_2800692,เล่ม,0
,,จัดของ ตจว.,product_2800693,เล่ม,0
,,จัดของ ตจว.,product_2800694,เล่ม,0
,,จัดของ ตจว.,product_2800695,เล่ม,0
,,จัดของ ตจว.,product_2800697,เล่ม,0
,,จัดของ ตจว.,product_2800698,เล่ม,0
,,จัดของ ตจว.,product_2800699,เล่ม,0
,,จัดของ ตจว.,product_2800700,เล่ม,0
,,จัดของ ตจว.,product_2800750,เล่ม,0
,,จัดของ ตจว.,product_2800751,เล่ม,0
,,จัดของ ตจว.,product_2800752,เล่ม,0
,,จัดของ ตจว.,product_2800753,เล่ม,0
,,จัดของ ตจว.,product_2800754,เล่ม,0
,,จัดของ ตจว.,product_2800755,เล่ม,0
,,จัดของ ตจว.,product_2800756,เล่ม,0
,,จัดของ ตจว.,product_2800757,เล่ม,0
,,จัดของ ตจว.,product_2800709,เล่ม,0
,,จัดของ ตจว.,product_2800708,เล่ม,0
,,จัดของ ตจว.,product_2800707,เล่ม,0
,,จัดของ ตจว.,product_2800706,เล่ม,0
,,จัดของ ตจว.,product_2800705,เล่ม,0
,,จัดของ ตจว.,product_2800704,เล่ม,0
,,จัดของ ตจว.,product_2800703,เล่ม,0
,,จัดของ ตจว.,product_2800728,เล่ม,0
,,จัดของ ตจว.,product_2800727,เล่ม,0
,,จัดของ ตจว.,product_2800726,เล่ม,0
,,จัดของ ตจว.,product_2800723,เล่ม,0
,,จัดของ ตจว.,product_2800722,เล่ม,0
,,จัดของ ตจว.,product_2800721,เล่ม,0
,,จัดของ ตจว.,product_2800720,เล่ม,0
,,จัดของ ตจว.,product_2800719,เล่ม,0
,,จัดของ ตจว.,product_2800718,เล่ม,0
,,จัดของ ตจว.,product_2249631,เล่ม,0
,,จัดของ ตจว.,product_2249632,เล่ม,0
,,จัดของ ตจว.,product_2249633,เล่ม,0
,,จัดของ ตจว.,product_2249634,เล่ม,0
,,จัดของ ตจว.,product_2249638,เล่ม,0
,,จัดของ ตจว.,product_2249639,เล่ม,0
,,จัดของ ตจว.,product_2249640,เล่ม,0
,,จัดของ ตจว.,product_2249641,เล่ม,0
,,จัดของ ตจว.,product_2249642,เล่ม,0
,,จัดของ ตจว.,product_2249647,เล่ม,0
,,จัดของ ตจว.,product_2249710,เล่ม,0
,,จัดของ ตจว.,product_2249714,เล่ม,0
,,จัดของ ตจว.,product_2249715,เล่ม,0
,,จัดของ ตจว.,product_2249717,เล่ม,0
,,จัดของ ตจว.,product_2249719,เล่ม,0
,,จัดของ ตจว.,product_2249722,เล่ม,0
,,จัดของ ตจว.,product_2249726,เล่ม,0
,,จัดของ ตจว.,product_2800717,เล่ม,0
,,จัดของ ตจว.,product_2800716,เล่ม,0
,,จัดของ ตจว.,product_2800714,เล่ม,0
,,จัดของ ตจว.,product_2800713,เล่ม,0
,,จัดของ ตจว.,product_2800712,เล่ม,0
,,จัดของ ตจว.,product_2800711,เล่ม,0
,,จัดของ ตจว.,product_2800710,เล่ม,0
,,จัดของ ตจว.,product_2089501,เล่ม,0
,,จัดของ ตจว.,product_2647485,เล่ม,0
,,จัดของ ตจว.,product_2089502,เล่ม,0
,,จัดของ ตจว.,product_1917266,เล่ม,0
,,จัดของ ตจว.,product_3146342,เล่ม,0
,,จัดของ ตจว.,product_3146336,เล่ม,0
,,จัดของ ตจว.,product_4876669,เล่ม,0
,,จัดของ ตจว.,product_4845682,เล่ม,0
,,จัดของ ตจว.,product_4845683,เล่ม,0
,,จัดของ ตจว.,product_4845684,เล่ม,0
,,จัดของ ตจว.,product_4845685,เล่ม,0
,,จัดของ ตจว.,product_4845686,เล่ม,0
,,จัดของ ตจว.,product_4845687,เล่ม,0
,,จัดของ ตจว.,product_4845688,เล่ม,0
,,จัดของ ตจว.,product_4845689,เล่ม,0
,,จัดของ ตจว.,product_4845690,เล่ม,0
,,จัดของ ตจว.,product_4845691,เล่ม,0
,,จัดของ ตจว.,product_4845692,เล่ม,0
,,จัดของ ตจว.,product_4845693,เล่ม,0
,,จัดของ ตจว.,product_4845694,เล่ม,0
,,จัดของ ตจว.,product_4845695,เล่ม,0
,,จัดของ ตจว.,product_4845696,เล่ม,0
,,จัดของ ตจว.,product_4845697,เล่ม,0
,,จัดของ ตจว.,product_4845698,เล่ม,0
,,จัดของ ตจว.,product_4845699,เล่ม,0
,,จัดของ ตจว.,product_4845700,เล่ม,0
,,จัดของ ตจว.,product_4845701,เล่ม,0
,,จัดของ ตจว.,product_4889013,เล่ม,0
,,จัดของ ตจว.,product_4889015,เล่ม,0
,,จัดของ ตจว.,product_48733657,เล่ม,0
,,จัดของ ตจว.,product_4876661,เล่ม,0
,,จัดของ ตจว.,product_4876662,เล่ม,0
,,จัดของ ตจว.,product_4876663,เล่ม,0
,,จัดของ ตจว.,product_4876664,เล่ม,0
,,จัดของ ตจว.,product_162986,เล่ม,0
,,จัดของ ตจว.,product_162861,เล่ม,0
,,จัดของ ตจว.,product_162849,เล่ม,0
,,จัดของ ตจว.,product_162857,เล่ม,0
,,จัดของ ตจว.,product_162868,เล่ม,0
,,จัดของ ตจว.,product_162867,เล่ม,0
,,จัดของ ตจว.,product_162871,เล่ม,0
,,จัดของ ตจว.,product_172859,เล่ม,0
,,จัดของ ตจว.,product_162447,เล่ม,0
,,จัดของ ตจว.,product_172860,เล่ม,0
,,จัดของ ตจว.,product_172858,เล่ม,0
,,จัดของ ตจว.,product_162698,เล่ม,0
,,จัดของ ตจว.,product_163024,เล่ม,0
,,จัดของ ตจว.,product_162838,เล่ม,0
,,จัดของ ตจว.,product_162847,เล่ม,0
,,จัดของ ตจว.,product_163042,เล่ม,0
,,จัดของ ตจว.,product_163041,เล่ม,0
,,จัดของ ตจว.,product_163043,เล่ม,0
,,จัดของ ตจว.,product_163039,เล่ม,0
,,จัดของ ตจว.,product_163038,เล่ม,0
,,จัดของ ตจว.,product_163037,เล่ม,0
,,จัดของ ตจว.,product_163048,เล่ม,0
,,จัดของ ตจว.,product_176091,เล่ม,0
,,จัดของ ตจว.,product_176092,เล่ม,0
,,จัดของ ตจว.,product_176093,เล่ม,0
,,จัดของ ตจว.,product_176096,เล่ม,0
,,จัดของ ตจว.,product_176896,เล่ม,0
,,จัดของ ตจว.,product_176898,เล่ม,0
,,จัดของ ตจว.,product_176095,เล่ม,0
,,จัดของ ตจว.,product_176150,เล่ม,0
,,จัดของ ตจว.,product_176103,เล่ม,0
,,จัดของ ตจว.,product_178496,เล่ม,0
,,จัดของ ตจว.,product_176094,เล่ม,0
,,จัดของ ตจว.,product_176895,เล่ม,0
,,จัดของ ตจว.,product_176894,เล่ม,0
,,จัดของ ตจว.,product_176902,เล่ม,0
,,จัดของ ตจว.,product_176899,เล่ม,0
,,จัดของ ตจว.,product_176900,เล่ม,0
,,จัดของ ตจว.,product_176901,เล่ม,0
,,จัดของ ตจว.,product_178495,เล่ม,0
,,จัดของ ตจว.,product_179654,เล่ม,0
,,จัดของ ตจว.,product_179656,เล่ม,0
,,จัดของ ตจว.,product_219564,เล่ม,0
,,จัดของ ตจว.,product_219565,เล่ม,0
,,จัดของ ตจว.,product_219563,เล่ม,0
,,จัดของ ตจว.,product_219567,เล่ม,0
,,จัดของ ตจว.,product_172584,เล่ม,0
,,จัดของ ตจว.,product_176509,เล่ม,0
,,จัดของ ตจว.,product_176510,เล่ม,0
,,จัดของ ตจว.,product_182499,ห่อ,0
,,จัดของ ตจว.,product_182500,ห่อ,0
,,จัดของ ตจว.,product_182502,ห่อ,0
,,จัดของ ตจว.,product_182503,ห่อ,0
,,จัดของ ตจว.,product_182501,ห่อ,0
,,จัดของ ตจว.,product_182504,ห่อ,0
,,จัดของ ตจว.,product_N-AF5,เล่ม,0
,,จัดของ ตจว.,product_N-NV-9407,เล่ม,0
,,จัดของ ตจว.,product_N-NV-8307,เล่ม,0
,,จัดของ ตจว.,product_N-PBF-8407,เล่ม,0
,,จัดของ ตจว.,product_N-PPT-8307,เล่ม,0
,,จัดของ ตจว.,product_N-PPN-16607,เล่ม,0
,,จัดของ ตจว.,product_N-PPW-A51007,เล่ม,0
,,จัดของ ตจว.,product_N-BV-2706,เล่ม,0
,,จัดของ ตจว.,product_N-HV-51007,เล่ม,0
,,จัดของ ตจว.,product_N-PV-A4506,เล่ม,0
,,จัดของ ตจว.,product_N-FA6306,เล่ม,0
,,จัดของ ตจว.,product_N-FA7306,เล่ม,0
,,จัดของ ตจว.,product_N-PPW-A6407,เล่ม,0
,,จัดของ ตจว.,product_N-PPW-A7607,เล่ม,0
,,จัดของ ตจว.,product_N-PPW-8607,เล่ม,0
,,จัดของ ตจว.,product_N-DW-P-810,เล่ม,0
,,จัดของ ตจว.,product_N-HVDW-A51007,เล่ม,0
,,จัดของ ตจว.,product_N-AF10,เล่ม,0
,,จัดของ ตจว.,product_N-F8306,เล่ม,0
,,จัดของ ตจว.,product_N-DWET-A6407,เล่ม,0
,,จัดของ ตจว.,product_N-DWET-A7704,เล่ม,0
,,จัดของ ตจว.,product_N-NV-M-GR6075,เล่ม,0
,,จัดของ ตจว.,product_N-NVSS-GR6075-1,เล่ม,0
,,จัดของ ตจว.,product_N-HVDW-SP-A58075,เล่ม,0
,,จัดของ ตจว.,product_N-HVA5807,เล่ม,0
,,จัดของ ตจว.,product_N-HVDW-L807,เล่ม,0
,,จัดของ ตจว.,product_N-DWF-B430120,เล่ม,0
,,จัดของ ตจว.,product_N-GNB-B5407,เล่ม,0
,,จัดของ ตจว.,product_N-HV-121006,เล่ม,0
,,จัดของ ตจว.,product_N-HV-201006,เล่ม,0
,,จัดของ ตจว.,product_N-PPT-32307,เล่ม,0
,,จัดของ ตจว.,product_N-DR-A5ORG,เล่ม,0
,,จัดของ ตจว.,product_N-DR-B6ORG,เล่ม,0
,,จัดของ ตจว.,product_N-DR-B5,เล่ม,0
,,จัดของ ตจว.,product_N-DR-A5,เล่ม,0
,,จัดของ ตจว.,product_N-930POOH,เล่ม,0
,,จัดของ ตจว.,product_N-830POOH,เล่ม,0
,,จัดของ ตจว.,product_N-PV-A440POOH,เล่ม,0
,,จัดของ ตจว.,product_N-860POOH,เล่ม,0
,,จัดของ ตจว.,product_N-PP-860POOR,เล่ม,0
,,จัดของ ตจว.,product_N-PP-1660POOH,เล่ม,0
,,จัดของ ตจว.,product_N-918POOH,เล่ม,0
,,จัดของ ตจว.,product_N-918GL,เล่ม,0
,,จัดของ ตจว.,product_N-918GP,เล่ม,0
,,จัดของ ตจว.,product_N-9MICKEY,เล่ม,0
,,จัดของ ตจว.,product_N-8MICKEY,เล่ม,0
,,จัดของ ตจว.,product_N-PV-A4MICKEY,เล่ม,0
,,จัดของ ตจว.,product_N-860MICKEY,เล่ม,0
,,จัดของ ตจว.,product_N-PP-860MICKEY,เล่ม,0
,,จัดของ ตจว.,product_N-PP-1660MICKEY,เล่ม,0
,,จัดของ ตจว.,product_2249628,เล่ม,0
,,จัดของ ตจว.,product_2249629,เล่ม,0
,,จัดของ ตจว.,product_2249630,เล่ม,0
,,จัดของ ตจว.,product_N-AF10,เล่ม,0
,,จัดของ ตจว.,product_N-AF10-1,เล่ม,0
,,จัดของ ตจว.,product_N-AF5,เล่ม,0
,,จัดของ ตจว.,product_N-AF5-1,เล่ม,0
,,จัดของ ตจว.,product_N-BV-2706,เล่ม,0
,,จัดของ ตจว.,product_N-BV-2706-1,เล่ม,0
,,จัดของ ตจว.,product_N-DR-A5,เล่ม,0
,,จัดของ ตจว.,product_N-DR-A5-1,เล่ม,0
,,จัดของ ตจว.,product_N-DR-A5ORG,เล่ม,0
,,จัดของ ตจว.,product_N-DR-A5ORG-1,เล่ม,0
,,จัดของ ตจว.,product_N-DR-B5,เล่ม,0
,,จัดของ ตจว.,product_N-DR-B5-1,เล่ม,0
,,จัดของ ตจว.,product_N-DR-B6ORG,เล่ม,0
,,จัดของ ตจว.,product_N-DR-B6ORG-1,เล่ม,0
,,จัดของ ตจว.,product_N-F8306,เล่ม,0
,,จัดของ ตจว.,product_N-F8306-1,เล่ม,0
,,จัดของ ตจว.,product_N-FA6306,เล่ม,0
,,จัดของ ตจว.,product_N-FA6306-1,เล่ม,0
,,จัดของ ตจว.,product_N-FA7306,เล่ม,0
,,จัดของ ตจว.,product_N-FA7306-1,เล่ม,0
,,จัดของ ตจว.,product_N-GNB-B5407,เล่ม,0
,,จัดของ ตจว.,product_N-GNB-B5407-1,เล่ม,0
,,จัดของ ตจว.,product_N-HV-121006,เล่ม,0
,,จัดของ ตจว.,product_N-HV-121006-1,เล่ม,0
,,จัดของ ตจว.,product_N-HV-201006,เล่ม,0
,,จัดของ ตจว.,product_N-HV-201006-1,เล่ม,0
,,จัดของ ตจว.,product_N-HV-51007,เล่ม,0
,,จัดของ ตจว.,product_N-HV-51007-1,เล่ม,0
,,จัดของ ตจว.,product_N-HVDW-A51007,เล่ม,0
,,จัดของ ตจว.,product_N-HVDW-A51007-1,เล่ม,0
,,จัดของ ตจว.,product_N-NV-8307,เล่ม,0
,,จัดของ ตจว.,product_N-NV-8307-1,เล่ม,0
,,จัดของ ตจว.,product_N-NV-9407,เล่ม,0
,,จัดของ ตจว.,product_N-NV-9407-1,เล่ม,0
,,จัดของ ตจว.,product_N-PBF-8407,เล่ม,0
,,จัดของ ตจว.,product_N-PBF-8407-1,เล่ม,0
,,จัดของ ตจว.,product_N-PPN-16607,เล่ม,0
,,จัดของ ตจว.,product_N-PPN-16607-1,เล่ม,0
,,จัดของ ตจว.,product_N-PPT-32307,เล่ม,0
,,จัดของ ตจว.,product_N-PPT-32307-1,เล่ม,0
,,จัดของ ตจว.,product_N-PPT-8307,เล่ม,0
,,จัดของ ตจว.,product_N-PPT-8307-1,เล่ม,0
,,จัดของ ตจว.,product_N-PPW-8607,เล่ม,0
,,จัดของ ตจว.,product_N-PPW-8607-1,เล่ม,0
,,จัดของ ตจว.,product_N-PPW-A51007,เล่ม,0
,,จัดของ ตจว.,product_N-PPW-A51007-1,เล่ม,0
,,จัดของ ตจว.,product_N-PPW-A6407,เล่ม,0
,,จัดของ ตจว.,product_N-PPW-A6407-1,เล่ม,0
,,จัดของ ตจว.,product_N-PPW-A7607,เล่ม,0
,,จัดของ ตจว.,product_N-PPW-A7607-1,เล่ม,0
,,จัดของ ตจว.,product_N-PV-A4506,เล่ม,0
,,จัดของ ตจว.,product_N-PV-A4506-1,เล่ม,0
