id,name,inventory_line_id/location_id.id,inventory_line_id/product_id/id,inventory_line_id/product_uom/id,inventory_line_id/product_qty
physical_inventory_id30,Physical Count Reset (id=30),30,__export__.product_product_6966,product.uom_โหล,0
,,30,product_MSG,product.uom_อัน,0
,,30,__export__.product_product_6941,__export__.product_product_113_5,0
,,30,product_MSI-010,product.uom_โหล,0
,,30,product_MSI-012,product.uom_โหล,0
,,30,product_MSI-007,product.uom_โหล,0
,,30,product_MSI-006,product.uom_โหล,0
,,30,product_MSI-004,product.uom_โหล,0
,,30,product_MSI-011,product.uom_โหล,0
,,30,product_MSI-002,product.uom_โหล,0
,,30,product_MSI-003,product.uom_โหล,0
,,30,product_MSI-005,product.uom_โหล,0
,,30,product_MSI-001,product.uom_โหล,0
,,30,product_MSI-008,product.uom_โหล,0
,,30,product_MSI-009,product.uom_โหล,0
,,30,__export__.product_product_6940,__export__.product_product_115_5,0
,,30,__export__.product_product_6937,__export__.product_product_112_5,0
,,30,product_MSE,product.uom_แท่ง,0
,,30,product_MSB-002,product.uom_โหล,0
,,30,product_MSB-003,product.uom_โหล,0
,,30,product_MSB-001,product.uom_โหล,0
,,30,__export__.product_product_6936,product.uom_ห่อ,0
,,30,product_MSD,product.uom_ด้าม,0
,,30,__export__.product_product_6939,__export__.product_product_114_5,0
,,30,product_MSF,product.uom_อัน,0
,,30,__export__.product_product_6886,product.uom_เล่ม,0
,,30,__export__.product_product_6887,__export__.product_product_116_4,0
,,30,product_1185085,product.uom_แผ่น,0
,,30,product_1185096,product.uom_แผ่น,0
,,30,product_MSH,product.uom_อัน,0
,,30,product_MSC-RD,product.uom_ด้าม,0
,,30,product_MSC-BL,product.uom_ด้าม,0
,,30,product_MSA,product.uom_โหล,0
,,30,product_P-PT-HM,product.uom_แผ่น,0
,,30,product_P-PT-041,product.uom_แผ่น,0
,,30,product_P-PT-1SM,product.uom_แผ่น,0
,,30,product_P-PT-050,product.uom_แผ่น,0
,,30,product_N-TA-100G12100,product.uom_เล่ม,0
,,30,product_N-TA-100G12150,product.uom_เล่ม,0
,,30,product_N-TA-100G12200,product.uom_เล่ม,0
,,30,product_N-HVS-100G18100,product.uom_เล่ม,0
,,30,product_N-HVT-100G4100,product.uom_เล่ม,0
,,30,product_N-D410,product.uom_เล่ม,0
,,30,product_N-HVT-100G4150,product.uom_เล่ม,0
,,30,product_N-HVT-100G4200,product.uom_เล่ม,0
,,30,product_P-ANS-100,product.uom_ห่อ,0
,,30,product_2800545,product.uom_เล่ม,0
,,30,product_N-HVT-100G5100,product.uom_เล่ม,0
,,30,product_N-HVS-100G5100,product.uom_เล่ม,0
,,30,product_N-HVT-100G5150,product.uom_เล่ม,0
,,30,product_N-HVS-100G5150,product.uom_เล่ม,0
,,30,product_N-HVT-100G5200,product.uom_เล่ม,0
,,30,product_N-HVS-100G5200,product.uom_เล่ม,0
,,30,product_N-HVT-100G550,product.uom_เล่ม,0
,,30,__export__.product_product_6962,product.uom_เล่ม,0
,,30,product_N-D-810VE,product.uom_เล่ม,0
,,30,product_N-HVT-100G8100,product.uom_เล่ม,0
,,30,product_N-HVS-100G8100,product.uom_เล่ม,0
,,30,product_N-D810,product.uom_เล่ม,0
,,30,product_N-HVS-100G8150,product.uom_เล่ม,0
,,30,product_N-HVS-100G8200,product.uom_เล่ม,0
,,30,product_N-TA-100G9100,product.uom_เล่ม,0
,,30,product_N-HVS-100G9100,product.uom_เล่ม,0
,,30,product_N-TA-100G9150,product.uom_เล่ม,0
,,30,product_N-HVS-100G9150,product.uom_เล่ม,0
,,30,product_N-TA-100G9200,product.uom_เล่ม,0
,,30,product_N-HVS-100G9200,product.uom_เล่ม,0
,,30,product_2800087,product.uom_เล่ม,0
,,30,product_846309,product.uom_เล่ม,0
,,30,product_N-WA-10D5100,product.uom_เล่ม,0
,,30,product_N-GA-10D5100,product.uom_เล่ม,0
,,30,product_N-WA-10D5150,product.uom_เล่ม,0
,,30,product_N-GA-10D5150,product.uom_เล่ม,0
,,30,product_N-WA-10D5200,product.uom_เล่ม,0
,,30,product_N-GA-10D5200,product.uom_เล่ม,0
,,30,product_N-WA-10D550,product.uom_เล่ม,0
,,30,product_N-GA-10D550,product.uom_เล่ม,0
,,30,product_P-HB-NO10-A,product.uom_รีม,0
,,30,product_P-HB-NO10-B,product.uom_รีม,0
,,30,product_2800710,product.uom_เล่ม,0
,,30,product_P-PT-051,product.uom_แผ่น,0
,,30,product_P-PT-001,product.uom_แผ่น,0
,,30,product_P-PT-010,product.uom_แผ่น,0
,,30,product_P-GW-100,product.uom_ห่อ,0
,,30,product_P-PT-011,product.uom_แผ่น,0
,,30,product_P-PT-012,product.uom_แผ่น,0
,,30,product_N-MIS-CTM1120,product.uom_เล่ม,0
,,30,product_N-MIS-CTB1120,product.uom_เล่ม,0
,,30,product_P-GW-125,product.uom_ห่อ,0
,,30,product_P-PT-013,product.uom_แผ่น,0
,,30,product_P-PT-014,product.uom_แผ่น,0
,,30,product_P-PT-015,product.uom_แผ่น,0
,,30,product_P-PT-016,product.uom_แผ่น,0
,,30,product_P-PT-017,product.uom_แผ่น,0
,,30,product_P-PT-018,product.uom_แผ่น,0
,,30,product_P-PT-019,product.uom_แผ่น,0
,,30,product_P-PT-052,product.uom_แผ่น,0
,,30,product_P-PT-002,product.uom_แผ่น,0
,,30,product_P-PT-020,product.uom_แผ่น,0
,,30,product_N-D-410VE,product.uom_เล่ม,0
,,30,product_P-ANS-120,product.uom_ห่อ,0
,,30,product_N-GA-12D4100,product.uom_เล่ม,0
,,30,product_N-GA-12D4150,product.uom_เล่ม,0
,,30,product_N-GA-12D4200,product.uom_เล่ม,0
,,30,product_N-GA-12D450,product.uom_เล่ม,0
,,30,product_1127131,product.uom_เล่ม,0
,,30,product_1127176,product.uom_เล่ม,0
,,30,product_P-HB-NO12-A,product.uom_รีม,0
,,30,product_P-HB-NO12-B,product.uom_รีม,0
,,30,product_P-PT-053,product.uom_แผ่น,0
,,30,product_P-PT-003,product.uom_แผ่น,0
,,30,product_P-PT-054,product.uom_แผ่น,0
,,30,product_P-PT-004,product.uom_แผ่น,0
,,30,product_N-GA-14D4100,product.uom_เล่ม,0
,,30,product_N-GA-14D4150,product.uom_เล่ม,0
,,30,product_N-GA-14D450,product.uom_เล่ม,0
,,30,product_P-PT-055,product.uom_แผ่น,0
,,30,product_P-PT-005,product.uom_แผ่น,0
,,30,product_P-FS-NO150,product.uom_ห่อ,0
,,30,product_N-DV-410150,product.uom_เล่ม,0
,,30,product_P-PT-056,product.uom_แผ่น,0
,,30,product_P-PT-006,product.uom_แผ่น,0
,,30,product_N-GA-16D3100,product.uom_เล่ม,0
,,30,product_N-GA-16D350,product.uom_เล่ม,0
,,30,product_P-HB-NO16-A,product.uom_รีม,0
,,30,product_P-HB-NO16-B,product.uom_รีม,0
,,30,__export__.product_product_6947,product.uom_เล่ม,0
,,30,product_2321224,product.uom_เล่ม,0
,,30,product_2800707,product.uom_เล่ม,0
,,30,product_2800709,product.uom_เล่ม,0
,,30,product_2800706,product.uom_เล่ม,0
,,30,product_2800708,product.uom_เล่ม,0
,,30,product_3454294,product.uom_เล่ม,0
,,30,product_3454403,product.uom_เล่ม,0
,,30,product_N-DR-BDB6,product.uom_เล่ม,0
,,30,product_P-PT-057,product.uom_แผ่น,0
,,30,product_P-PT-007,product.uom_แผ่น,0
,,30,product_P-PT-058,product.uom_แผ่น,0
,,30,product_P-PT-008,product.uom_แผ่น,0
,,30,product_N-MIS-PEON18100,product.uom_เล่ม,0
,,30,product_N-MIS-DW1830,product.uom_เล่ม,0
,,30,product_N-GA-18D3100,product.uom_เล่ม,0
,,30,product_N-GA-18D350,product.uom_เล่ม,0
,,30,product_N-MIS-PEON1850,product.uom_เล่ม,0
,,30,product_P-PT-059,product.uom_แผ่น,0
,,30,product_P-PT-009,product.uom_แผ่น,0
,,30,product_2249647,product.uom_เล่ม,0
,,30,product_2249710,product.uom_เล่ม,0
,,30,product_MSK-005,product.uom_เล่ม,0
,,30,product_MSK-002,product.uom_เล่ม,0
,,30,product_2800716,product.uom_เล่ม,0
,,30,product_2800714,product.uom_เล่ม,0
,,30,product_MSK-006,product.uom_เล่ม,0
,,30,product_MSK-004,product.uom_เล่ม,0
,,30,product_P-PT-042,product.uom_แผ่น,0
,,30,product_P-PT-2SM,product.uom_แผ่น,0
,,30,product_P-LG-008,product.uom_ห่อ,0
,,30,product_MSL-001,product.uom_เล่ม,0
,,30,product_1918591,product.uom_เล่ม,0
,,30,product_P-PT-060,product.uom_แผ่น,0
,,30,product_268335,product.uom_เล่ม,0
,,30,product_2800529,product.uom_เล่ม,0
,,30,product_3454340,product.uom_เล่ม,0
,,30,product_P-HB-NO20-A,product.uom_รีม,0
,,30,product_P-HB-NO20-B,product.uom_รีม,0
,,30,product_MSL-002,product.uom_เล่ม,0
,,30,product_P-PT-021,product.uom_แผ่น,0
,,30,product_P-PT-030,product.uom_แผ่น,0
,,30,product_P-FP-PANDA,product.uom_ม้วน,0
,,30,product_P-FP-VENUS,product.uom_ม้วน,0
,,30,product_P-PT-031,product.uom_แผ่น,0
,,30,product_P-PT-032,product.uom_แผ่น,0
,,30,product_P-PT-033,product.uom_แผ่น,0
,,30,product_N-GA-21D3100,product.uom_เล่ม,0
,,30,product_N-GA-21D3100A,product.uom_เล่ม,0
,,30,product_N-GA-21D3150,product.uom_เล่ม,0
,,30,product_N-GA-21D3200,product.uom_เล่ม,0
,,30,product_N-GA-21D350,product.uom_เล่ม,0
,,30,product_N-GA-21D350A,product.uom_เล่ม,0
,,30,product_P-PT-034,product.uom_แผ่น,0
,,30,product_P-PT-035,product.uom_แผ่น,0
,,30,product_P-PT-036,product.uom_แผ่น,0
,,30,product_P-PT-037,product.uom_แผ่น,0
,,30,product_P-PT-038,product.uom_แผ่น,0
,,30,product_P-PT-039,product.uom_แผ่น,0
,,30,product_MSL-003,product.uom_เล่ม,0
,,30,product_P-PT-022,product.uom_แผ่น,0
,,30,product_P-LG-001,product.uom_ห่อ,0
,,30,product_P-PT-040,product.uom_แผ่น,0
,,30,product_MSL-004,product.uom_เล่ม,0
,,30,product_P-PT-023,product.uom_แผ่น,0
,,30,product_P-LG-002,product.uom_ห่อ,0
,,30,product_P-GB-230G-31*21dot5,product.uom_รีม,0
,,30,product_P-GB-230G-31*43,product.uom_รีม,0
,,30,product_P-PT-024,product.uom_แผ่น,0
,,30,product_P-HB-NO24-A,product.uom_รีม,0
,,30,product_P-HB-NO24-B,product.uom_รีม,0
,,30,product_P-PT-025,product.uom_แผ่น,0
,,30,product_P-GB-250G-31*21dot5,product.uom_รีม,0
,,30,product_P-GB-250G-31*43,product.uom_รีม,0
,,30,product_3184434,product.uom_เล่ม,0
,,30,product_N-WA-2D5100,product.uom_เล่ม,0
,,30,product_N-WA-2S5100,product.uom_เล่ม,0
,,30,product_N-GA-2D5100,product.uom_เล่ม,0
,,30,product_N-GA-2S5100,product.uom_เล่ม,0
,,30,product_N-WA-2D5150,product.uom_เล่ม,0
,,30,product_N-WA-2S5150,product.uom_เล่ม,0
,,30,product_N-GA-2D5150,product.uom_เล่ม,0
,,30,product_N-GA-2S5150,product.uom_เล่ม,0
,,30,product_N-WA-2D5200,product.uom_เล่ม,0
,,30,product_N-WA-2S5200,product.uom_เล่ม,0
,,30,product_N-GA-2D5200,product.uom_เล่ม,0
,,30,product_N-GA-2S5200,product.uom_เล่ม,0
,,30,product_2800547,product.uom_เล่ม,0
,,30,product_2800548,product.uom_เล่ม,0
,,30,product_N-WA-2D550,product.uom_เล่ม,0
,,30,product_N-WA-2S550,product.uom_เล่ม,0
,,30,product_N-GA-2D550,product.uom_เล่ม,0
,,30,product_N-GA-2S550,product.uom_เล่ม,0
,,30,product_P-PT-026,product.uom_แผ่น,0
,,30,product_P-LG-013,product.uom_ห่อ,0
,,30,product_P-LG-011,product.uom_ห่อ,0
,,30,product_P-LG-009,product.uom_ห่อ,0
,,30,product_P-LG-003,product.uom_ห่อ,0
,,30,product_P-LG-004,product.uom_ห่อ,0
,,30,product_P-PT-027,product.uom_แผ่น,0
,,30,product_1207523,product.uom_เล่ม,0
,,30,product_56875,product.uom_เล่ม,0
,,30,product_P-GB-270G-31*21dot5,product.uom_รีม,0
,,30,product_P-GB-270G-31*43,product.uom_รีม,0
,,30,product_P-PT-028,product.uom_แผ่น,0
,,30,product_N-WA-2D8100,product.uom_เล่ม,0
,,30,product_N-WA-2S8100,product.uom_เล่ม,0
,,30,product_N-WA-2D850,product.uom_เล่ม,0
,,30,product_N-WA-2S850,product.uom_เล่ม,0
,,30,product_P-PT-029,product.uom_แผ่น,0
,,30,product_P-GB-290G-31*21dot5,product.uom_รีม,0
,,30,product_P-GB-290G-31*43,product.uom_รีม,0
,,30,__export__.product_product_6908,product.uom_เล่ม,0
,,30,__export__.product_product_6910,product.uom_เล่ม,0
,,30,product_MSK-001,product.uom_เล่ม,0
,,30,product_MSK-003,product.uom_เล่ม,0
,,30,product_P-PT-043,product.uom_แผ่น,0
,,30,product_MSL-005,product.uom_เล่ม,0
,,30,product_P-LG-014,product.uom_ห่อ,0
,,30,product_P-LG-012,product.uom_ห่อ,0
,,30,product_P-LG-010,product.uom_ห่อ,0
,,30,product_P-LG-005,product.uom_ห่อ,0
,,30,product_P-LG-006,product.uom_ห่อ,0
,,30,product_P-LG-007,product.uom_ห่อ,0
,,30,product_MSL-006,product.uom_เล่ม,0
,,30,product_P-GB-310G-31*21dot5,product.uom_รีม,0
,,30,product_P-GB-310G-31*43,product.uom_รีม,0
,,30,product_P-CWF-078,product.uom_รีม,0
,,30,product_P-CWF-082,product.uom_รีม,0
,,30,product_P-CWF-084,product.uom_รีม,0
,,30,product_P-CWF-079,product.uom_รีม,0
,,30,product_P-CWF-083,product.uom_รีม,0
,,30,product_P-CWF-080,product.uom_รีม,0
,,30,product_P-CWF-081,product.uom_รีม,0
,,30,product_P-DW-31*21dot5-120G,product.uom_รีม,0
,,30,product_P-CWF-085,product.uom_รีม,0
,,30,product_P-CWF-086,product.uom_รีม,0
,,30,product_P-CWF-087,product.uom_รีม,0
,,30,product_P-CWF-088,product.uom_รีม,0
,,30,product_P-DW-31*21dot5-150G,product.uom_รีม,0
,,30,product_P-WF-100G,product.uom_รีม,0
,,30,product_P-CWF-067,product.uom_รีม,0
,,30,product_P-CWF-071,product.uom_รีม,0
,,30,product_P-CWF-073,product.uom_รีม,0
,,30,product_P-CWF-068,product.uom_รีม,0
,,30,product_P-CWF-072,product.uom_รีม,0
,,30,product_P-CWF-069,product.uom_รีม,0
,,30,product_P-CWF-070,product.uom_รีม,0
,,30,product_P-DW-31*43-120G,product.uom_รีม,0
,,30,product_P-CWF-074,product.uom_รีม,0
,,30,product_P-CWF-075,product.uom_รีม,0
,,30,product_P-CWF-076,product.uom_รีม,0
,,30,product_P-CWF-077,product.uom_รีม,0
,,30,product_P-DW-31*43-150G,product.uom_รีม,0
,,30,product_P-NP-31*43,product.uom_รีม,0
,,30,product_P-TCWF-025,product.uom_รีม,0
,,30,product_P-TCWF-026,product.uom_รีม,0
,,30,product_P-TCWF-027,product.uom_รีม,0
,,30,product_P-TCWF-028,product.uom_รีม,0
,,30,product_P-WF-60G,product.uom_รีม,0
,,30,product_P-WF-70G,product.uom_รีม,0
,,30,product_P-WF-80G,product.uom_รีม,0
,,30,product_MSL-007,product.uom_เล่ม,0
,,30,product_P-HB-NO32-A,product.uom_รีม,0
,,30,product_P-HB-NO32-B,product.uom_รีม,0
,,30,product_MSL-008,product.uom_เล่ม,0
,,30,product_P-FS-NO34,product.uom_ห่อ,0
,,30,product_3453888,product.uom_เล่ม,0
,,30,product_3437931,product.uom_เล่ม,0
,,30,product_3437983,product.uom_เล่ม,0
,,30,product_3438135,product.uom_เล่ม,0
,,30,product_3438089,product.uom_เล่ม,0
,,30,product_3443278,product.uom_เล่ม,0
,,30,product_3437885,product.uom_เล่ม,0
,,30,product_3438037,product.uom_เล่ม,0
,,30,product_3454236,product.uom_เล่ม,0
,,30,product_P-GB-350G-31*21dot5,product.uom_รีม,0
,,30,product_P-GB-350G-31*43,product.uom_รีม,0
,,30,product_N-WA-3D5100,product.uom_เล่ม,0
,,30,product_N-WA-3S5100,product.uom_เล่ม,0
,,30,product_N-GA-3D5100,product.uom_เล่ม,0
,,30,product_N-GA-3S5100,product.uom_เล่ม,0
,,30,product_N-WA-3D5150,product.uom_เล่ม,0
,,30,product_N-WA-3S5150,product.uom_เล่ม,0
,,30,product_N-GA-3D5150,product.uom_เล่ม,0
,,30,product_N-GA-3S5150,product.uom_เล่ม,0
,,30,product_N-WA-3D5200,product.uom_เล่ม,0
,,30,product_N-WA-3S5200,product.uom_เล่ม,0
,,30,product_N-GA-3D5200,product.uom_เล่ม,0
,,30,product_N-GA-3S5200,product.uom_เล่ม,0
,,30,product_P-WCL-3*5,product.uom_ห่อ,0
,,30,product_P-RC-35*47,product.uom_รีม,0
,,30,product_N-WA-3D550,product.uom_เล่ม,0
,,30,product_N-WA-3S550,product.uom_เล่ม,0
,,30,product_N-GA-3D550,product.uom_เล่ม,0
,,30,product_N-GA-3S550,product.uom_เล่ม,0
,,30,product_P-FS-NO36,product.uom_ห่อ,0
,,30,product_N-WA-3D8100,product.uom_เล่ม,0
,,30,product_N-WA-3S8100,product.uom_เล่ม,0
,,30,product_N-WA-3D850,product.uom_เล่ม,0
,,30,product_N-WA-3S850,product.uom_เล่ม,0
,,30,product_N-PN-G940,product.uom_เล่ม,0
,,30,product_N-PN-G980,product.uom_เล่ม,0
,,30,product_2800717,product.uom_เล่ม,0
,,30,__export__.product_product_6909,product.uom_เล่ม,0
,,30,__export__.product_product_6911,product.uom_เล่ม,0
,,30,product_MSK-007,product.uom_เล่ม,0
,,30,product_P-PT-044,product.uom_แผ่น,0
,,30,product_P-TC-SAIKO,product.uom_ห่อ,0
,,30,product_P-TC-AMANO,product.uom_ห่อ,0
,,30,product_P-GB-400G-31*21dot5,product.uom_รีม,0
,,30,product_P-GB-400G-31*43,product.uom_รีม,0
,,30,product_P-GB-450G-31*21dot5,product.uom_รีม,0
,,30,product_P-GB-450G-31*43,product.uom_รีม,0
,,30,product_N-WA-4D5100,product.uom_เล่ม,0
,,30,product_N-WA-4S5100,product.uom_เล่ม,0
,,30,product_N-WA-4D5150,product.uom_เล่ม,0
,,30,product_N-WA-4S5150,product.uom_เล่ม,0
,,30,product_N-WA-4D5200,product.uom_เล่ม,0
,,30,product_N-WA-4S5200,product.uom_เล่ม,0
,,30,product_N-WA-4D550,product.uom_เล่ม,0
,,30,product_N-WA-4S550,product.uom_เล่ม,0
,,30,product_P-WCL-4*6,product.uom_ห่อ,0
,,30,product_N-TS-470L,product.uom_เล่ม,0
,,30,product_1184980,product.uom_เล่ม,0
,,30,__export__.product_product_6912,product.uom_เล่ม,0
,,30,product_P-PT-045,product.uom_แผ่น,0
,,30,product_P-GB-500G-31*21dot5,product.uom_รีม,0
,,30,product_P-GB-500G-31*43,product.uom_รีม,0
,,30,product_N-EF5,product.uom_เล่ม,0
,,30,product_N-EF10,product.uom_เล่ม,0
,,30,product_N-EF20,product.uom_เล่ม,0
,,30,product_3454305,product.uom_เล่ม,0
,,30,product_N-WA-GL5100,product.uom_เล่ม,0
,,30,product_3454334,product.uom_เล่ม,0
,,30,product_N-WA-GL5150,product.uom_เล่ม,0
,,30,product_N-GA-516D3100,product.uom_เล่ม,0
,,30,product_N-GA-516D3150,product.uom_เล่ม,0
,,30,product_N-GA-516D3200,product.uom_เล่ม,0
,,30,product_N-GA-516D350,product.uom_เล่ม,0
,,30,product_N-WA-GL5200,product.uom_เล่ม,0
,,30,product_N-WA-GL550,product.uom_เล่ม,0
,,30,product_N-WA-5D5100,product.uom_เล่ม,0
,,30,product_N-WA-5S5100,product.uom_เล่ม,0
,,30,product_N-GA-5D5100,product.uom_เล่ม,0
,,30,product_N-GA-5S5100,product.uom_เล่ม,0
,,30,product_N-TA-55G12100,product.uom_เล่ม,0
,,30,product_N-TA-55G12150,product.uom_เล่ม,0
,,30,product_N-TA-55G12200,product.uom_เล่ม,0
,,30,product_N-WA-5D150,product.uom_เล่ม,0
,,30,product_N-WA-5S5150,product.uom_เล่ม,0
,,30,product_N-GA-5D5150,product.uom_เล่ม,0
,,30,product_N-WA-5D5200,product.uom_เล่ม,0
,,30,product_N-WA-5S5200,product.uom_เล่ม,0
,,30,product_N-GA-5D5200,product.uom_เล่ม,0
,,30,product_N-TA-55G20100,product.uom_เล่ม,0
,,30,product_N-TA-55G20150,product.uom_เล่ม,0
,,30,product_N-TA-55G20200,product.uom_เล่ม,0
,,30,product_N-BL-2260,product.uom_เล่ม,0
,,30,product_N-BL-260,product.uom_เล่ม,0
,,30,product_N-BL-260C,product.uom_เล่ม,0
,,30,product_N-PV-13,product.uom_เล่ม,0
,,30,product_N-BL-270,product.uom_เล่ม,0
,,30,product_N-BL-270PVC,product.uom_เล่ม,0
,,30,product_N-BL-280,product.uom_เล่ม,0
,,30,product_N-SPT-G940,product.uom_เล่ม,0
,,30,product_N-SPT-G980,product.uom_เล่ม,0
,,30,product_N-HVC-55G4100,product.uom_เล่ม,0
,,30,product_N-BL-4260,product.uom_เล่ม,0
,,30,product_N-BL-452C,product.uom_เล่ม,0
,,30,product_N-BL-480,product.uom_เล่ม,0
,,30,product_N-WA-5D550,product.uom_เล่ม,0
,,30,product_N-WA-5S550,product.uom_เล่ม,0
,,30,product_N-GA-5D550,product.uom_เล่ม,0
,,30,product_N-GA-5S550,product.uom_เล่ม,0
,,30,product_N-HVC-55G5100,product.uom_เล่ม,0
,,30,product_N-SPT-5L940,product.uom_เล่ม,0
,,30,product_N-SPT-5L980,product.uom_เล่ม,0
,,30,product_N-TA-55G840,product.uom_เล่ม,0
,,30,product_N-TD-9100,product.uom_เล่ม,0
,,30,product_N-TD-930,product.uom_เล่ม,0
,,30,product_N-TD-936,product.uom_เล่ม,0
,,30,product_N-SPT-S940,product.uom_เล่ม,0
,,30,product_N-SPT-H940,product.uom_เล่ม,0
,,30,product_N-TD-940,product.uom_เล่ม,0
,,30,product_N-TD-970,product.uom_เล่ม,0
,,30,product_N-SPT-S980,product.uom_เล่ม,0
,,30,product_N-SPT-H980,product.uom_เล่ม,0
,,30,product_N-TA-55GA20200,product.uom_เล่ม,0
,,30,product_N-MIS-TAA440,product.uom_เล่ม,0
,,30,product_N-MIS-GLA440,product.uom_เล่ม,0
,,30,product_192476,product.uom_เล่ม,0
,,30,product_192412,product.uom_เล่ม,0
,,30,product_192403,product.uom_เล่ม,0
,,30,product_192472,product.uom_เล่ม,0
,,30,product_N-PN-S940,product.uom_เล่ม,0
,,30,product_N-PN-S980,product.uom_เล่ม,0
,,30,product_N-MIS-TANO1,product.uom_เล่ม,0
,,30,product_N-MIS-TANO2,product.uom_เล่ม,0
,,30,product_P-DW-56*79-200G,product.uom_รีม,0
,,30,product_P-SC-5*8,product.uom_ห่อ,0
,,30,product_P-WCL-5*8,product.uom_ห่อ,0
,,30,product_N-PN-5L940,product.uom_เล่ม,0
,,30,product_N-PN-5L980,product.uom_เล่ม,0
,,30,product_P-PT-046,product.uom_แผ่น,0
,,30,product_N-TA-60G12100PVC,product.uom_เล่ม,0
,,30,product_N-TA-60G12100C,product.uom_เล่ม,0
,,30,product_1802555,product.uom_เล่ม,0
,,30,product_N-HV-201006,product.uom_เล่ม,0
,,30,product_1534566,product.uom_เล่ม,0
,,30,product_N-HV-121006,product.uom_เล่ม,0
,,30,product_1802343,product.uom_เล่ม,0
,,30,product_N-TA-60G2070PVC,product.uom_เล่ม,0
,,30,product_2800629,product.uom_เล่ม,0
,,30,product_2800630,product.uom_เล่ม,0
,,30,product_N-BL-250C,product.uom_เล่ม,0
,,30,product_N-NV2506CC,product.uom_เล่ม,0
,,30,product_N-NV2506C,product.uom_เล่ม,0
,,30,product_2800543,product.uom_เล่ม,0
,,30,product_N-BV-2706,product.uom_เล่ม,0
,,30,product_N-SPT-G60G940,product.uom_เล่ม,0
,,30,product_N-SPT-G60G980,product.uom_เล่ม,0
,,30,product_2012644,product.uom_เล่ม,0
,,30,product_P-ANS-60,product.uom_ห่อ,0
,,30,product_N-SPT-5L60G940,product.uom_เล่ม,0
,,30,product_N-SPT-5L60G980,product.uom_เล่ม,0
,,30,product_1245065,product.uom_เล่ม,0
,,30,__export__.product_product_6953,product.uom_เล่ม,0
,,30,__export__.product_product_6933,product.uom_เล่ม,0
,,30,product_1534561,product.uom_เล่ม,0
,,30,product_N-F8306,product.uom_เล่ม,0
,,30,product_N-TA-60G842C,product.uom_เล่ม,0
,,30,product_N-F9100,product.uom_เล่ม,0
,,30,product_N-HV-91006,product.uom_เล่ม,0
,,30,product_N-AF5,product.uom_เล่ม,0
,,30,product_N-F920,product.uom_เล่ม,0
,,30,product_N-PPT-9306,product.uom_เล่ม,0
,,30,product_N-SPT-S60G940,product.uom_เล่ม,0
,,30,product_N-SPT-H60G940,product.uom_เล่ม,0
,,30,product_N-F940,product.uom_เล่ม,0
,,30,product_N-AF10,product.uom_เล่ม,0
,,30,product_N-AF10PB,product.uom_เล่ม,0
,,30,product_N-F950,product.uom_เล่ม,0
,,30,product_N-F960,product.uom_เล่ม,0
,,30,product_N-SPT-S60G980,product.uom_เล่ม,0
,,30,product_N-SPT-H60G980,product.uom_เล่ม,0
,,30,product_1451547,product.uom_เล่ม,0
,,30,product_N-F980,product.uom_เล่ม,0
,,30,product_N-PV-A4206,product.uom_เล่ม,0
,,30,product_N-PV-A4406B,product.uom_เล่ม,0
,,30,product_2800542,product.uom_เล่ม,0
,,30,product_N-PV-A4406,product.uom_เล่ม,0
,,30,product_2249452,product.uom_เล่ม,0
,,30,product_N-PV-A4506,product.uom_เล่ม,0
,,30,product_N-FA6306,product.uom_เล่ม,0
,,30,product_N-FA7306,product.uom_เล่ม,0
,,30,product_444059,product.uom_เล่ม,0
,,30,product_444058,product.uom_เล่ม,0
,,30,product_114232,product.uom_เล่ม,0
,,30,product_1643087,product.uom_เล่ม,0
,,30,product_1300369,product.uom_เล่ม,0
,,30,product_268693,product.uom_เล่ม,0
,,30,product_N-D-614,product.uom_เล่ม,0
,,30,product_N-D-640,product.uom_เล่ม,0
,,30,product_P-WS-NO65-200,product.uom_ห่อ,0
,,30,product_P-WS-NO65-300,product.uom_ห่อ,0
,,30,__export__.product_product_6960,product.uom_เล่ม,0
,,30,product_P-SC-6*8,product.uom_ห่อ,0
,,30,product_268691,product.uom_เล่ม,0
,,30,product_P-PT-047,product.uom_แผ่น,0
,,30,product_2012645,product.uom_เล่ม,0
,,30,product_2800681,product.uom_เล่ม,0
,,30,product_2800683,product.uom_เล่ม,0
,,30,product_2800546,product.uom_เล่ม,0
,,30,product_N-TA-70G12100,product.uom_เล่ม,0
,,30,product_N-TA-70G12150,product.uom_เล่ม,0
,,30,product_N-TA-70G12200,product.uom_เล่ม,0
,,30,product_N-PPN-16607,product.uom_เล่ม,0
,,30,product_2800679,product.uom_เล่ม,0
,,30,product_2800680,product.uom_เล่ม,0
,,30,product_2186436,product.uom_เล่ม,0
,,30,product_2800754,product.uom_เล่ม,0
,,30,product_2800755,product.uom_เล่ม,0
,,30,product_2800756,product.uom_เล่ม,0
,,30,product_2800757,product.uom_เล่ม,0
,,30,product_N-PPT-32307,product.uom_เล่ม,0
,,30,product_2800459,product.uom_เล่ม,0
,,30,product_2800460,product.uom_เล่ม,0
,,30,product_2800461,product.uom_เล่ม,0
,,30,product_2800462,product.uom_เล่ม,0
,,30,product_2800727,product.uom_เล่ม,0
,,30,product_2800726,product.uom_เล่ม,0
,,30,product_1184979,product.uom_เล่ม,0
,,30,product_N-HVT-70G5100A,product.uom_เล่ม,0
,,30,product_2011923,product.uom_เล่ม,0
,,30,product_N-HV-51007,product.uom_เล่ม,0
,,30,product_26000,product.uom_เล่ม,0
,,30,product_2800544,product.uom_เล่ม,0
,,30,product_N-HVB-51007,product.uom_เล่ม,0
,,30,product_N-HVT-70G5150,product.uom_เล่ม,0
,,30,product_N-HVT-70G5200,product.uom_เล่ม,0
,,30,product_162847,product.uom_เล่ม,0
,,30,product_2800463,product.uom_เล่ม,0
,,30,product_2800464,product.uom_เล่ม,0
,,30,product_N-HVT-70G8100,product.uom_เล่ม,0
,,30,product_N-F8307,product.uom_เล่ม,0
,,30,product_N-PPT-8307,product.uom_เล่ม,0
,,30,product_N-NV-8307,product.uom_เล่ม,0
,,30,product_N-DWF8407,product.uom_เล่ม,0
,,30,product_N-PBF-8407,product.uom_เล่ม,0
,,30,product_N-PPB-8607,product.uom_เล่ม,0
,,30,product_N-PPW-8607,product.uom_เล่ม,0
,,30,product_N-TA-70G9100,product.uom_เล่ม,0
,,30,product_N-HV-91007,product.uom_เล่ม,0
,,30,product_N-TA-70G9150,product.uom_เล่ม,0
,,30,product_N-TA-70G9200,product.uom_เล่ม,0
,,30,product_N-MIS-VE924,product.uom_เล่ม,0
,,30,product_N-PPW-A51007,product.uom_เล่ม,0
,,30,product_N-NV-M-A5407,product.uom_เล่ม,0
,,30,product_N-PPB-A5607,product.uom_เล่ม,0
,,30,product_N-PPBD-A5607,product.uom_เล่ม,0
,,30,product_N-PPW-A6407,product.uom_เล่ม,0
,,30,product_N-PPW-A7607,product.uom_เล่ม,0
,,30,__export__.product_product_6964,product.uom_เล่ม,0
,,30,__export__.product_product_6957,product.uom_เล่ม,0
,,30,product_2800534,product.uom_เล่ม,0
,,30,product_1908007,product.uom_เล่ม,0
,,30,__export__.product_product_6963,product.uom_เล่ม,0
,,30,product_2800541,product.uom_เล่ม,0
,,30,__export__.product_product_6943,product.uom_เล่ม,0
,,30,product_1908008,product.uom_เล่ม,0
,,30,product_2249447,product.uom_เล่ม,0
,,30,product_444048,product.uom_เล่ม,0
,,30,product_2188812,product.uom_เล่ม,0
,,30,__export__.product_product_6965,product.uom_เล่ม,0
,,30,product_3454242,product.uom_เล่ม,0
,,30,product_3454363,product.uom_เล่ม,0
,,30,product_2800711,product.uom_เล่ม,0
,,30,product_N-DR-B5,product.uom_เล่ม,0
,,30,product_P-PT-048,product.uom_แผ่น,0
,,30,product_1911581,product.uom_เล่ม,0
,,30,product_1911582,product.uom_เล่ม,0
,,30,product_N-HVT-80G4100,product.uom_เล่ม,0
,,30,product_N-HVT-80G4150,product.uom_เล่ม,0
,,30,product_N-HVT-80G4200,product.uom_เล่ม,0
,,30,product_P-ANS-80,product.uom_ห่อ,0
,,30,__export__.product_product_6952,product.uom_เล่ม,0
,,30,product_N-TA-80GAA20100,product.uom_เล่ม,0
,,30,product_N-TA-80GAA20150,product.uom_เล่ม,0
,,30,product_N-TA-80GAA20200,product.uom_เล่ม,0
,,30,__export__.product_product_6959,product.uom_เล่ม,0
,,30,product_N-PVC-A58080,product.uom_เล่ม,0
,,30,product_N-WA-GL8100,product.uom_เล่ม,0
,,30,product_N-MIS-MV810100,product.uom_เล่ม,0
,,30,product_P-HB-NO8-A,product.uom_รีม,0
,,30,product_P-HB-NO8-B,product.uom_รีม,0
,,30,__export__.product_product_6961,product.uom_เล่ม,0
,,30,product_114236,product.uom_เล่ม,0
,,30,product_114253,product.uom_เล่ม,0
,,30,product_1451548,product.uom_เล่ม,0
,,30,product_N-WA-GL850,product.uom_เล่ม,0
,,30,product_N-WA-8D5100,product.uom_เล่ม,0
,,30,product_N-WA-8D5150,product.uom_เล่ม,0
,,30,product_N-WA-8D5200,product.uom_เล่ม,0
,,30,product_N-WA-8D550,product.uom_เล่ม,0
,,30,product_P-NB,product.uom_กล่อง,0
,,30,product_2800537,product.uom_เล่ม,0
,,30,product_N-NV-M-8607,product.uom_เล่ม,0
,,30,product_N-GNB-B5406,product.uom_เล่ม,0
,,30,product_N-GNB-B5307,product.uom_เล่ม,0
,,30,product_N-GNB-B5407,product.uom_เล่ม,0
,,30,product_P-PT-049,product.uom_แผ่น,0
,,30,product_2241339,product.uom_เล่ม,0
,,30,product_1451543,product.uom_เล่ม,0
,,30,product_N-MIS-GB01,product.uom_เล่ม,0
,,30,product_3453865,product.uom_เล่ม,0
,,30,product_3454173,product.uom_เล่ม,0
,,30,product_3454357,product.uom_เล่ม,0
,,30,product_2800530,product.uom_เล่ม,0
,,30,product_3443353,product.uom_เล่ม,0
,,30,product_3443376,product.uom_เล่ม,0
,,30,product_3443439,product.uom_เล่ม,0
,,30,product_3443416,product.uom_เล่ม,0
,,30,product_3443451,product.uom_เล่ม,0
,,30,product_3443330,product.uom_เล่ม,0
,,30,product_3443399,product.uom_เล่ม,0
,,30,product_1184978,product.uom_เล่ม,0
,,30,product_N-PN-HW930,product.uom_เล่ม,0
,,30,product_N-MIS-DW930,product.uom_เล่ม,0
,,30,product_1184977,product.uom_เล่ม,0
,,30,product_N-MIS-CTB02,product.uom_เล่ม,0
,,30,product_N-MIS-CTM01,product.uom_เล่ม,0
,,30,product_2767605,product.uom_เล่ม,0
,,30,product_N-PN-H940,product.uom_เล่ม,0
,,30,product_2800549,product.uom_เล่ม,0
,,30,product_1993315,product.uom_เล่ม,0
,,30,__export__.product_product_6720,product.uom_เล่ม,0
,,30,product_708067,product.uom_เล่ม,0
,,30,product_1164684,product.uom_เล่ม,0
,,30,__export__.product_product_6930,product.product_uom_unit,0
,,30,product_1812974,product.uom_เล่ม,0
,,30,product_261442,product.uom_เล่ม,0
,,30,product_1184820,product.uom_เล่ม,0
,,30,product_1451544,product.uom_เล่ม,0
,,30,product_N-NV-9407,product.uom_เล่ม,0
,,30,product_N-PN-H980,product.uom_เล่ม,0
,,30,product_2800551,product.uom_เล่ม,0
,,30,product_2800552,product.uom_เล่ม,0
,,30,product_P-PC-A3-70G-300S,product.uom_ห่อ,0
,,30,product_P-PC-A3-70G-500S,product.uom_ห่อ,0
,,30,product_P-PC-A3-80G-300S,product.uom_ห่อ,0
,,30,product_P-PC-A3-80G-500S,product.uom_ห่อ,0
,,30,product_1801611,product.uom_แผ่น,0
,,30,__export__.product_product_6956,product.uom_เล่ม,0
,,30,product_63_P-C01,product.uom_ห่อ,0
,,30,product_P-CWF-008,product.uom_ห่อ,0
,,30,product_P-CWF-013,product.uom_ห่อ,0
,,30,product_P-CWF-014,product.uom_ห่อ,0
,,30,product_P-CWF-009,product.uom_ห่อ,0
,,30,product_P-CWF-012,product.uom_ห่อ,0
,,30,product_P-CWF-010,product.uom_ห่อ,0
,,30,product_P-CWF-011,product.uom_ห่อ,0
,,30,product_P-CWF-015,product.uom_ห่อ,0
,,30,product_P-CWF-020,product.uom_ห่อ,0
,,30,product_P-CWF-021,product.uom_ห่อ,0
,,30,product_P-CWF-016,product.uom_ห่อ,0
,,30,product_P-CWF-019,product.uom_ห่อ,0
,,30,product_P-CWF-017,product.uom_ห่อ,0
,,30,product_P-CWF-018,product.uom_ห่อ,0
,,30,__export__.product_product_6923,product.uom_ห่อ,0
,,30,__export__.product_product_6927,product.uom_ห่อ,0
,,30,__export__.product_product_6928,product.uom_ห่อ,0
,,30,__export__.product_product_6926,product.uom_ห่อ,0
,,30,__export__.product_product_6929,product.uom_ห่อ,0
,,30,__export__.product_product_6925,product.uom_ห่อ,0
,,30,__export__.product_product_6924,product.uom_ห่อ,0
,,30,__export__.product_product_6685,product.uom_ห่อ,0
,,30,product_P-CWF-001,product.uom_ห่อ,0
,,30,product_P-CWF-006,product.uom_ห่อ,0
,,30,product_P-CWF-007,product.uom_ห่อ,0
,,30,product_P-CWF-002,product.uom_ห่อ,0
,,30,product_P-CWF-005,product.uom_ห่อ,0
,,30,product_P-CWF-003,product.uom_ห่อ,0
,,30,product_P-CWF-004,product.uom_ห่อ,0
,,30,product_P-CWF-041,product.uom_ห่อ,0
,,30,product_P-CWF-022,product.uom_ห่อ,0
,,30,product_P-CWF-023,product.uom_ห่อ,0
,,30,product_P-CWF-024,product.uom_ห่อ,0
,,30,product_P-CWF-025,product.uom_ห่อ,0
,,30,product_P-CWF-026,product.uom_ห่อ,0
,,30,product_P-CWF-027,product.uom_ห่อ,0
,,30,product_P-CWF-028,product.uom_ห่อ,0
,,30,product_P-CWF-029,product.uom_ห่อ,0
,,30,product_P-FC-002,product.uom_ห่อ,0
,,30,product_P-FC-003,product.uom_ห่อ,0
,,30,product_P-FC-001,product.uom_ห่อ,0
,,30,product_132067,product.uom_ห่อ,0
,,30,product_94679,product.uom_ห่อ,0
,,30,product_94692,product.uom_ห่อ,0
,,30,product_P-CWF-040,product.uom_ห่อ,0
,,30,product_P-CWF-039,product.uom_ห่อ,0
,,30,product_P-CWF-035,product.uom_ห่อ,0
,,30,product_P-CWF-036,product.uom_ห่อ,0
,,30,product_P-CWF-037,product.uom_ห่อ,0
,,30,product_P-CWF-038,product.uom_ห่อ,0
,,30,product_P-FC-004,product.uom_ห่อ,0
,,30,product_P-FC-A4-2T,product.uom_ห่อ,0
,,30,product_94796,product.uom_ห่อ,0
,,30,product_P-CWF-034,product.uom_ห่อ,0
,,30,product_P-CWF-030,product.uom_ห่อ,0
,,30,product_P-CWF-031,product.uom_ห่อ,0
,,30,product_P-CWF-032,product.uom_ห่อ,0
,,30,product_P-CWF-033,product.uom_ห่อ,0
,,30,__export__.product_product_6954,product.uom_เล่ม,0
,,30,product_2800528,product.uom_เล่ม,0
,,30,product_1868860,product.uom_เล่ม,0
,,30,product_1127130,product.uom_เล่ม,0
,,30,product_1127175,product.uom_เล่ม,0
,,30,product_3437977,product.uom_เล่ม,0
,,30,product_3438020,product.uom_เล่ม,0
,,30,product_3438170,product.uom_เล่ม,0
,,30,product_3438129,product.uom_เล่ม,0
,,30,product_3443318,product.uom_เล่ม,0
,,30,product_3437925,product.uom_เล่ม,0
,,30,product_3438072,product.uom_เล่ม,0
,,30,product_3454328,product.uom_เล่ม,0
,,30,product_3454228,product.uom_เล่ม,0
,,30,product_P-TCWF-001,product.uom_ห่อ,0
,,30,product_P-TCWF-002,product.uom_ห่อ,0
,,30,product_P-TCWF-003,product.uom_ห่อ,0
,,30,product_P-TCWF-004,product.uom_ห่อ,0
,,30,product_P-TCWF-005,product.uom_ห่อ,0
,,30,product_P-TCWF-006,product.uom_ห่อ,0
,,30,product_P-TCWF-007,product.uom_ห่อ,0
,,30,product_P-TCWF-008,product.uom_ห่อ,0
,,30,product_P-TCWF-009,product.uom_ห่อ,0
,,30,product_P-TCWF-010,product.uom_ห่อ,0
,,30,product_P-TCWF-011,product.uom_ห่อ,0
,,30,product_P-TCWF-012,product.uom_ห่อ,0
,,30,product_P-DP-B-001,product.uom_ห่อ,0
,,30,product_P-DP-A-015,product.uom_ห่อ,0
,,30,product_P-DP-A-001,product.uom_ห่อ,0
,,30,product_P-DP-A-013,product.uom_ห่อ,0
,,30,product_P-DP-A-019,product.uom_ห่อ,0
,,30,product_P-DP-B-004,product.uom_ห่อ,0
,,30,product_P-DP-A-016,product.uom_ห่อ,0
,,30,product_P-DP-A-004,product.uom_ห่อ,0
,,30,product_P-DP-A-014,product.uom_ห่อ,0
,,30,product_P-DP-A-020,product.uom_ห่อ,0
,,30,product_2800453,product.uom_เล่ม,0
,,30,product_2800454,product.uom_เล่ม,0
,,30,product_2800456,product.uom_เล่ม,0
,,30,product_2800457,product.uom_เล่ม,0
,,30,product_2800458,product.uom_เล่ม,0
,,30,product_2800465,product.uom_เล่ม,0
,,30,product_P-RP-A4-70G,product.uom_ห่อ,0
,,30,product_P-DP-B-002,product.uom_ห่อ,0
,,30,product_P-PC-A4-70G-300S,product.uom_ห่อ,0
,,30,product_P-DP-A-002,product.uom_ห่อ,0
,,30,product_P-PC-A4-70G-400S,product.uom_ห่อ,0
,,30,product_P-PC-A4-70G-500S-CLP,product.uom_ห่อ,0
,,30,product_P-PC-A4-70G-500S-IDEAMAX,product.uom_ห่อ,0
,,30,product_P-PC-A4-70G-500S-PPC,product.uom_ห่อ,0
,,30,product_P-DP-B-005,product.uom_ห่อ,0
,,30,product_P-PC-A4-70G-500S,product.uom_ห่อ,0
,,30,product_P-DP-A-005,product.uom_ห่อ,0
,,30,product_2800719,product.uom_เล่ม,0
,,30,product_2800718,product.uom_เล่ม,0
,,30,product_P-PCWF-033,product.uom_ห่อ,0
,,30,product_P-PCWF-034,product.uom_ห่อ,0
,,30,product_P-PCWF-035,product.uom_ห่อ,0
,,30,product_P-PCWF-036,product.uom_ห่อ,0
,,30,product_P-PCWF-037,product.uom_ห่อ,0
,,30,__export__.product_product_6918,product.uom_ห่อ,0
,,30,__export__.product_product_6917,product.uom_ห่อ,0
,,30,__export__.product_product_6919,product.uom_ห่อ,0
,,30,product_P-DP-B-003,product.uom_ห่อ,0
,,30,product_P-PC-A4-80G-300S,product.uom_ห่อ,0
,,30,product_P-DP-A-003,product.uom_ห่อ,0
,,30,product_P-PC-A4-80G-400S,product.uom_ห่อ,0
,,30,product_63_P-P01,product.uom_ห่อ,0
,,30,product_P-PCWF-SR-001,product.uom_ห่อ,0
,,30,product_P-PCWF-017,product.uom_ห่อ,0
,,30,product_P-PCWF-026,product.uom_ห่อ,0
,,30,product_P-PCWF-027,product.uom_ห่อ,0
,,30,product_P-PCWF-028,product.uom_ห่อ,0
,,30,product_P-PCWF-029,product.uom_ห่อ,0
,,30,product_P-PCWF-030,product.uom_ห่อ,0
,,30,product_P-PCWF-031,product.uom_ห่อ,0
,,30,product_P-PCWF-032,product.uom_ห่อ,0
,,30,product_P-PCWF-038,product.uom_ห่อ,0
,,30,product_P-PCWF-039,product.uom_ห่อ,0
,,30,product_P-PCWF-040,product.uom_ห่อ,0
,,30,product_P-PCWF-SR-002,product.uom_ห่อ,0
,,30,product_P-PCWF-018,product.uom_ห่อ,0
,,30,product_P-PCWF-041,product.uom_ห่อ,0
,,30,product_P-PCWF-042,product.uom_ห่อ,0
,,30,product_P-PCWF-SR-003,product.uom_ห่อ,0
,,30,product_P-PCWF-019,product.uom_ห่อ,0
,,30,product_P-PCWF-SR-004,product.uom_ห่อ,0
,,30,product_P-PCWF-020,product.uom_ห่อ,0
,,30,product_P-PCWF-SR-005,product.uom_ห่อ,0
,,30,product_P-PCWF-021,product.uom_ห่อ,0
,,30,product_P-PCWF-SR-006,product.uom_ห่อ,0
,,30,product_P-PCWF-022,product.uom_ห่อ,0
,,30,product_P-PCWF-SR-007,product.uom_ห่อ,0
,,30,product_P-PCWF-023,product.uom_ห่อ,0
,,30,product_P-PCWF-SR-008,product.uom_ห่อ,0
,,30,product_P-PCWF-024,product.uom_ห่อ,0
,,30,product_P-PCWF-025,product.uom_ห่อ,0
,,30,product_P-PC-A4-80G-500S-IDEAWORK,product.uom_ห่อ,0
,,30,product_P-PC-A4-80G-500S-PPC,product.uom_ห่อ,0
,,30,product_P-DP-B-006,product.uom_ห่อ,0
,,30,product_P-PC-A4-80G-500S,product.uom_ห่อ,0
,,30,product_P-DP-A-006,product.uom_ห่อ,0
,,30,product_P-PCWF-001,product.uom_ห่อ,0
,,30,product_P-PCWF-010,product.uom_ห่อ,0
,,30,product_P-PCWF-011,product.uom_ห่อ,0
,,30,product_P-PCWF-012,product.uom_ห่อ,0
,,30,product_P-PCWF-013,product.uom_ห่อ,0
,,30,product_P-PCWF-014,product.uom_ห่อ,0
,,30,product_P-PCWF-015,product.uom_ห่อ,0
,,30,product_P-PCWF-016,product.uom_ห่อ,0
,,30,product_P-PCWF-002,product.uom_ห่อ,0
,,30,product_P-PCWF-003,product.uom_ห่อ,0
,,30,product_P-PCWF-004,product.uom_ห่อ,0
,,30,product_P-PCWF-005,product.uom_ห่อ,0
,,30,product_P-PCWF-006,product.uom_ห่อ,0
,,30,product_P-PCWF-007,product.uom_ห่อ,0
,,30,product_P-PCWF-008,product.uom_ห่อ,0
,,30,product_P-PCWF-009,product.uom_ห่อ,0
,,30,product_N-DR-BP,product.uom_เล่ม,0
,,30,product_N-DR-A5,product.uom_เล่ม,0
,,30,product_3146336,product.uom_เล่ม,0
,,30,product_2800532,product.uom_เล่ม,0
,,30,product_2800539,product.uom_เล่ม,0
,,30,product_3453871,product.uom_เล่ม,0
,,30,product_3454207,product.uom_เล่ม,0
,,30,product_3454426,product.uom_เล่ม,0
,,30,product_2800535,product.uom_เล่ม,0
,,30,product_3454265,product.uom_เล่ม,0
,,30,__export__.product_product_6946,product.uom_เล่ม,0
,,30,product_2800688,product.uom_เล่ม,0
,,30,product_2800689,product.uom_เล่ม,0
,,30,product_2800690,product.uom_เล่ม,0
,,30,product_2800691,product.uom_เล่ม,0
,,30,product_1726869,product.uom_เล่ม,0
,,30,__export__.product_product_6949,product.uom_เล่ม,0
,,30,product_2800540,product.uom_เล่ม,0
,,30,product_2800642,product.uom_เล่ม,0
,,30,product_2800643,product.uom_เล่ม,0
,,30,product_2800644,product.uom_เล่ม,0
,,30,product_2800645,product.uom_เล่ม,0
,,30,product_2800646,product.uom_เล่ม,0
,,30,product_2800647,product.uom_เล่ม,0
,,30,product_N-HVDW-A51007,product.uom_เล่ม,0
,,30,product_1534821,product.uom_เล่ม,0
,,30,product_2186434,product.uom_เล่ม,0
,,30,product_2800723,product.uom_เล่ม,0
,,30,product_2800722,product.uom_เล่ม,0
,,30,product_2800694,product.uom_เล่ม,0
,,30,product_2800703,product.uom_เล่ม,0
,,30,product_2800695,product.uom_เล่ม,0
,,30,product_2800728,product.uom_เล่ม,0
,,30,product_2800697,product.uom_เล่ม,0
,,30,product_2800698,product.uom_เล่ม,0
,,30,product_1534565,product.uom_เล่ม,0
,,30,product_2249632,product.uom_เล่ม,0
,,30,product_2249631,product.uom_เล่ม,0
,,30,product_2249634,product.uom_เล่ม,0
,,30,product_2249633,product.uom_เล่ม,0
,,30,product_2800705,product.uom_เล่ม,0
,,30,product_2800704,product.uom_เล่ม,0
,,30,__export__.product_product_6951,product.uom_เล่ม,0
,,30,product_2089502,product.uom_เล่ม,0
,,30,product_2089501,product.uom_เล่ม,0
,,30,product_3454271,product.uom_เล่ม,0
,,30,product_3454418,product.uom_เล่ม,0
,,30,product_2249722,product.uom_เล่ม,0
,,30,product_2249726,product.uom_เล่ม,0
,,30,product_N-DR-A5ORG,product.uom_เล่ม,0
,,30,__export__.product_product_6950,product.uom_เล่ม,0
,,30,product_3454311,product.uom_เล่ม,0
,,30,product_3454386,product.uom_เล่ม,0
,,30,product_3454449,product.uom_เล่ม,0
,,30,__export__.product_product_6944,product.uom_เล่ม,0
,,30,product_3454188,product.uom_เล่ม,0
,,30,product_2800721,product.uom_เล่ม,0
,,30,product_2800720,product.uom_เล่ม,0
,,30,product_2800686,product.uom_เล่ม,0
,,30,product_2800687,product.uom_เล่ม,0
,,30,product_2800638,product.uom_เล่ม,0
,,30,product_2800639,product.uom_เล่ม,0
,,30,product_2800692,product.uom_เล่ม,0
,,30,product_2800693,product.uom_เล่ม,0
,,30,product_2800750,product.uom_เล่ม,0
,,30,product_2800751,product.uom_เล่ม,0
,,30,product_2800752,product.uom_เล่ม,0
,,30,product_2800753,product.uom_เล่ม,0
,,30,product_2800467,product.uom_เล่ม,0
,,30,product_2800468,product.uom_เล่ม,0
,,30,product_2800470,product.uom_เล่ม,0
,,30,product_2800471,product.uom_เล่ม,0
,,30,__export__.product_product_6722,product.uom_เล่ม,0
,,30,product_2249638,product.uom_เล่ม,0
,,30,product_2249639,product.uom_เล่ม,0
,,30,product_2249642,product.uom_เล่ม,0
,,30,product_2249641,product.uom_เล่ม,0
,,30,product_2249640,product.uom_เล่ม,0
,,30,product_2800533,product.uom_เล่ม,0
,,30,product_2800538,product.uom_เล่ม,0
,,30,product_3453894,product.uom_เล่ม,0
,,30,product_3454259,product.uom_เล่ม,0
,,30,product_3454378,product.uom_เล่ม,0
,,30,product_N-TS-A70L,product.uom_เล่ม,0
,,30,product_N-TS-A70NL,product.uom_เล่ม,0
,,30,__export__.product_product_6945,product.uom_เล่ม,0
,,30,product_3454432,product.uom_เล่ม,0
,,30,product_2800473,product.uom_เล่ม,0
,,30,product_2800474,product.uom_เล่ม,0
,,30,product_268309,product.uom_เล่ม,0
,,30,product_N-TS-A90L,product.uom_เล่ม,0
,,30,product_N-TS-AA100L,product.uom_เล่ม,0
,,30,product_N-TS-AA100NL,product.uom_เล่ม,0
,,30,product_MSB-004,product.uom_โหล,0
,,30,product_MSB-005,product.uom_โหล,0
,,30,product_N-DW-P-810,product.uom_เล่ม,0
,,30,product_N-PP-1660POOH,product.uom_เล่ม,0
,,30,product_N-NV-M-GR6075,product.uom_เล่ม,0
,,30,product_N-PP-1660MICKEY,product.uom_เล่ม,0
,,30,product_N-PPT-32307-1,product.uom_เล่ม,0
,,30,product_N-BV-2706-1,product.uom_เล่ม,0
,,30,product_N-NVSS-GR6075-1,product.uom_เล่ม,0
,,30,product_N-HV-121006-1,product.uom_เล่ม,0
,,30,product_N-HV-201006-1,product.uom_เล่ม,0
,,30,product_N-F8306-1,product.uom_เล่ม,0
,,30,product_N-AF10-1,product.uom_เล่ม,0
,,30,product_N-HV-51007-1,product.uom_เล่ม,0
,,30,product_N-PPN-16607-1,product.uom_เล่ม,0
,,30,product_N-NV-8307-1,product.uom_เล่ม,0
,,30,product_N-PPT-8307-1,product.uom_เล่ม,0
,,30,product_N-GNB-B5407-1,product.uom_เล่ม,0
,,30,product_N-PBF-8407-1,product.uom_เล่ม,0
,,30,product_N-PPW-8607-1,product.uom_เล่ม,0
,,30,product_N-NV-9407-1,product.uom_เล่ม,0
,,30,product_N-PPW-A51007-1,product.uom_เล่ม,0
,,30,product_N-PPW-A6407-1,product.uom_เล่ม,0
,,30,product_N-PPW-A7607-1,product.uom_เล่ม,0
,,30,product_N-HVDW-L807,product.uom_เล่ม,0
,,30,product_N-830POOH,product.uom_เล่ม,0
,,30,product_N-PP-860POOR,product.uom_เล่ม,0
,,30,product_N-860POOH,product.uom_เล่ม,0
,,30,product_N-PP-860MICKEY,product.uom_เล่ม,0
,,30,product_N-8MICKEY,product.uom_เล่ม,0
,,30,product_N-860MICKEY,product.uom_เล่ม,0
,,30,product_N-AF5-1,product.uom_เล่ม,0
,,30,product_N-918GP,product.uom_เล่ม,0
,,30,product_N-918POOH,product.uom_เล่ม,0
,,30,product_N-918GL,product.uom_เล่ม,0
,,30,product_N-930POOH,product.uom_เล่ม,0
,,30,product_N-9MICKEY,product.uom_เล่ม,0
,,30,product_N-PV-A440POOH,product.uom_เล่ม,0
,,30,product_N-PV-A4506-1,product.uom_เล่ม,0
,,30,product_N-PV-A4MICKEY,product.uom_เล่ม,0
,,30,product_N-DR-A5-1,product.uom_เล่ม,0
,,30,product_N-HVDW-A51007-1,product.uom_เล่ม,0
,,30,product_N-HVA5807,product.uom_เล่ม,0
,,30,product_N-DR-A5ORG-1,product.uom_เล่ม,0
,,30,product_N-FA6306-1,product.uom_เล่ม,0
,,30,product_N-DWET-A6407,product.uom_เล่ม,0
,,30,product_N-FA7306-1,product.uom_เล่ม,0
,,30,product_N-DWET-A7704,product.uom_เล่ม,0
,,30,product_N-DWF-B430120,product.uom_เล่ม,0
,,30,product_N-DR-B6ORG-1,product.uom_เล่ม,0
,,30,product_N-DR-B5-1,product.uom_เล่ม,0
,,30,product_N-HVDW-SP-A58075,product.uom_เล่ม,0
,,30,product_4876662,product.uom_เล่ม,0
,,30,product_4845690,product.uom_เล่ม,0
,,30,product_4845691,product.uom_เล่ม,0
,,30,product_4845692,product.uom_เล่ม,0
,,30,product_4845693,product.uom_เล่ม,0
,,30,product_4845682,product.uom_เล่ม,0
,,30,product_4845683,product.uom_เล่ม,0
,,30,product_4845684,product.uom_เล่ม,0
,,30,product_4845685,product.uom_เล่ม,0
,,30,product_4889013,product.uom_เล่ม,0
,,30,product_4845698,product.uom_เล่ม,0
,,30,product_4845699,product.uom_เล่ม,0
,,30,product_4845700,product.uom_เล่ม,0
,,30,product_4845701,product.uom_เล่ม,0
,,30,product_4876663,product.uom_เล่ม,0
,,30,product_48733657,product.uom_เล่ม,0
,,30,product_4845694,product.uom_เล่ม,0
,,30,product_4845695,product.uom_เล่ม,0
,,30,product_4845696,product.uom_เล่ม,0
,,30,product_4845697,product.uom_เล่ม,0
,,30,product_4845686,product.uom_เล่ม,0
,,30,product_4845687,product.uom_เล่ม,0
,,30,product_4845688,product.uom_เล่ม,0
,,30,product_4845689,product.uom_เล่ม,0
,,30,product_4889015,product.uom_เล่ม,0
,,30,product_4876661,product.uom_เล่ม,0
,,30,product_4876664,product.uom_เล่ม,0
,,30,product_4876669,product.uom_เล่ม,0
,,30,__export__.product_product_6955,product.uom_เล่ม,0
,,30,product_3454213,product.uom_เล่ม,0
,,30,product_3168615,product.uom_เล่ม,0
,,30,product_3168609,product.uom_เล่ม,0
,,30,product_2526054,product.uom_เล่ม,0
,,30,product_2800531,product.uom_เล่ม,0
,,30,product_3437960,product.uom_เล่ม,0
,,30,product_3438014,product.uom_เล่ม,0
,,30,product_3438164,product.uom_เล่ม,0
,,30,product_3438112,product.uom_เล่ม,0
,,30,product_3443301,product.uom_เล่ม,0
,,30,product_3437919,product.uom_เล่ม,0
,,30,product_3438066,product.uom_เล่ม,0
,,30,product_3454196,product.uom_เล่ม,0
,,30,product_3454288,product.uom_เล่ม,0
,,30,product_3454392,product.uom_เล่ม,0
,,30,product_2800640,product.uom_เล่ม,0
,,30,product_2800699,product.uom_เล่ม,0
,,30,product_2800641,product.uom_เล่ม,0
,,30,product_2800700,product.uom_เล่ม,0
,,30,product_2800649,product.uom_เล่ม,0
,,30,product_2800650,product.uom_เล่ม,0
,,30,product_2800631,product.uom_เล่ม,0
,,30,product_2800632,product.uom_เล่ม,0
,,30,product_1802561,product.uom_เล่ม,0
,,30,product_1802560,product.uom_เล่ม,0
,,30,product_2800633,product.uom_เล่ม,0
,,30,product_2800635,product.uom_เล่ม,0
,,30,product_2800636,product.uom_เล่ม,0
,,30,product_2800637,product.uom_เล่ม,0
,,30,product_2249628,product.uom_เล่ม,0
,,30,product_2249630,product.uom_เล่ม,0
,,30,product_2249629,product.uom_เล่ม,0
,,30,__export__.product_product_6958,product.uom_เล่ม,0
,,30,product_2647485,product.uom_เล่ม,0
,,30,product_N-DR-B6ORG,product.uom_เล่ม,0
,,30,__export__.product_product_6942,product.uom_เล่ม,0
,,30,product_2249714,product.uom_เล่ม,0
,,30,product_2249717,product.uom_เล่ม,0
,,30,product_P-CWF-042,product.uom_ห่อ,0
,,30,product_P-CWF-043,product.uom_ห่อ,0
,,30,product_P-CWF-044,product.uom_ห่อ,0
,,30,product_P-CWF-045,product.uom_ห่อ,0
,,30,product_P-CWF-046,product.uom_ห่อ,0
,,30,product_P-CWF-047,product.uom_ห่อ,0
,,30,product_P-CWF-048,product.uom_ห่อ,0
,,30,product_P-CWF-049,product.uom_ห่อ,0
,,30,product_P-CWF-050,product.uom_ห่อ,0
,,30,product_P-CWF-051,product.uom_ห่อ,0
,,30,product_P-CWF-052,product.uom_ห่อ,0
,,30,product_P-CWF-053,product.uom_ห่อ,0
,,30,product_P-CWF-054,product.uom_ห่อ,0
,,30,product_P-CWF-055,product.uom_ห่อ,0
,,30,product_P-CWF-056,product.uom_ห่อ,0
,,30,product_P-CWF-057,product.uom_ห่อ,0
,,30,product_P-CWF-062,product.uom_ห่อ,0
,,30,product_P-CWF-058,product.uom_ห่อ,0
,,30,product_P-CWF-059,product.uom_ห่อ,0
,,30,product_P-CWF-060,product.uom_ห่อ,0
,,30,product_P-CWF-061,product.uom_ห่อ,0
,,30,product_P-CWF-063,product.uom_ห่อ,0
,,30,product_P-CWF-064,product.uom_ห่อ,0
,,30,product_P-CWF-065,product.uom_ห่อ,0
,,30,product_P-CWF-066,product.uom_ห่อ,0
,,30,product_P-TCWF-013,product.uom_ห่อ,0
,,30,product_P-TCWF-014,product.uom_ห่อ,0
,,30,product_P-TCWF-015,product.uom_ห่อ,0
,,30,product_P-TCWF-016,product.uom_ห่อ,0
,,30,product_P-TCWF-017,product.uom_ห่อ,0
,,30,product_P-TCWF-018,product.uom_ห่อ,0
,,30,product_P-TCWF-019,product.uom_ห่อ,0
,,30,product_P-TCWF-020,product.uom_ห่อ,0
,,30,product_P-TCWF-021,product.uom_ห่อ,0
,,30,product_P-TCWF-022,product.uom_ห่อ,0
,,30,product_P-TCWF-023,product.uom_ห่อ,0
,,30,product_P-TCWF-024,product.uom_ห่อ,0
,,30,product_P-DP-B-007,product.uom_ห่อ,0
,,30,product_P-DP-B-013,product.uom_ห่อ,0
,,30,product_P-DP-A-007,product.uom_ห่อ,0
,,30,product_P-DP-A-017,product.uom_ห่อ,0
,,30,product_P-DP-B-010,product.uom_ห่อ,0
,,30,product_P-DP-B-014,product.uom_ห่อ,0
,,30,product_P-DP-A-010,product.uom_ห่อ,0
,,30,product_P-DP-A-018,product.uom_ห่อ,0
,,30,product_P-DP-B-008,product.uom_ห่อ,0
,,30,product_P-PC-F4-70G-300S,product.uom_ห่อ,0
,,30,product_P-DP-A-008,product.uom_ห่อ,0
,,30,product_P-DP-B-011,product.uom_ห่อ,0
,,30,product_P-PC-F4-70G-500S,product.uom_ห่อ,0
,,30,product_P-DP-A-011,product.uom_ห่อ,0
,,30,product_P-DP-B-009,product.uom_ห่อ,0
,,30,product_P-PC-F4-80G-300S,product.uom_ห่อ,0
,,30,product_P-DP-A-009,product.uom_ห่อ,0
,,30,product_P-DP-B-012,product.uom_ห่อ,0
,,30,product_P-PC-F4-80G-500S,product.uom_ห่อ,0
,,30,product_P-DP-A-012,product.uom_ห่อ,0
,,30,product_N-DR-HD,product.uom_เล่ม,0
,,30,product_1917266,product.uom_เล่ม,0
,,30,product_769769,product.uom_เล่ม,0
,,30,product_950950,product.uom_เล่ม,0
,,30,product_768768,product.uom_เล่ม,0
,,30,product_159004,product.uom_เล่ม,0
,,30,product_159000,product.uom_เล่ม,0
,,30,product_159001,product.uom_เล่ม,0
,,30,product_482482,product.uom_เล่ม,0
,,30,product_958958,product.uom_เล่ม,0
,,30,product_649519,product.uom_เล่ม,0
,,30,product_114225,product.uom_เล่ม,0
,,30,product_159002,product.uom_เล่ม,0
,,30,product_209768,product.uom_เล่ม,0
,,30,product_949949,product.uom_เล่ม,0
,,30,product_159003,product.uom_เล่ม,0
,,30,product_444029,product.uom_เล่ม,0
,,30,product_143720,product.uom_เล่ม,0
,,30,product_143722,product.uom_เล่ม,0
,,30,product_444057,product.uom_เล่ม,0
,,30,product_984984,product.uom_เล่ม,0
,,30,product_291187,product.uom_เล่ม,0
,,30,product_2525970,product.uom_เล่ม,0
,,30,product_N-PVC-136,product.uom_เล่ม,0
,,30,product_1244402,product.uom_เล่ม,0
,,30,product_N-PVC-188,product.uom_เล่ม,0
,,30,product_2525972,product.uom_เล่ม,0
,,30,product_N-PVC-199,product.uom_เล่ม,0
,,30,product_MSJ-NO2,product.uom_เล่ม,0
,,30,product_MSJ-NO3,product.uom_เล่ม,0
,,30,product_N-MIS-NO333,product.uom_เล่ม,0
,,30,product_N-TS-NO4NL,product.uom_เล่ม,0
,,30,product_N-TS-NO5NL,product.uom_เล่ม,0
,,30,product_2525974,product.uom_เล่ม,0
,,30,product_N-PVC-747,product.uom_เล่ม,0
,,30,product_MSB-NO900,product.uom_โหล,0
,,30,product_MSB-NO901,product.uom_โหล,0
,,30,product_MSB-NO902,product.uom_โหล,0
,,30,product_MSB-NO903,product.uom_โหล,0
,,30,product_MSB-NO904,product.uom_โหล,0
,,30,product_MSB-NO905,product.uom_โหล,0
,,30,product_MSB-NO906,product.uom_โหล,0
,,30,product_MSB-NO907,product.uom_โหล,0
,,30,product_MSB-NO908,product.uom_โหล,0
,,30,product_MSB-NO909,product.uom_โหล,0
,,30,product_MSB-NO910,product.uom_โหล,0
,,30,product_N-MIS-NO940,product.uom_เล่ม,0
,,30,product_2249715,product.uom_เล่ม,0
,,30,product_2249719,product.uom_เล่ม,0
,,30,product_172584,product.uom_เล่ม,0
,,30,product_176902,product.uom_เล่ม,0
,,30,product_163037,product.uom_เล่ม,0
,,30,product_163048,product.uom_เล่ม,0
,,30,product_163038,product.uom_เล่ม,0
,,30,product_163039,product.uom_เล่ม,0
,,30,product_162838,product.uom_เล่ม,0
,,30,__export__.product_product_6920,product.uom_เล่ม,0
,,30,product_163041,product.uom_เล่ม,0
,,30,product_178495,product.uom_เล่ม,0
,,30,product_163043,product.uom_เล่ม,0
,,30,product_163042,product.uom_เล่ม,0
,,30,product_162986,product.uom_เล่ม,0
,,30,product_162861,product.uom_เล่ม,0
,,30,product_162849,product.uom_เล่ม,0
,,30,product_176894,product.uom_เล่ม,0
,,30,product_219565,product.uom_เล่ม,0
,,30,product_162867,product.uom_เล่ม,0
,,30,product_162857,product.uom_เล่ม,0
,,30,product_176093,product.uom_เล่ม,0
,,30,product_176091,product.uom_เล่ม,0
,,30,product_176092,product.uom_เล่ม,0
,,30,product_176095,product.uom_เล่ม,0
,,30,product_176895,product.uom_เล่ม,0
,,30,product_162868,product.uom_เล่ม,0
,,30,product_176103,product.uom_เล่ม,0
,,30,product_176896,product.uom_เล่ม,0
,,30,product_162447,product.uom_เล่ม,0
,,30,product_176150,product.uom_เล่ม,0
,,30,product_179656,product.uom_เล่ม,0
,,30,product_178496,product.uom_เล่ม,0
,,30,product_179654,product.uom_เล่ม,0
,,30,product_162698,product.uom_เล่ม,0
,,30,product_176096,product.uom_เล่ม,0
,,30,product_63_227851,product.uom_เล่ม,0
,,30,product_176094,product.uom_เล่ม,0
,,30,product_176898,product.uom_เล่ม,0
,,30,product_219564,product.uom_เล่ม,0
,,30,product_219567,product.uom_เล่ม,0
,,30,__export__.product_product_6922,product.uom_เล่ม,0
,,30,__export__.product_product_6921,product.uom_เล่ม,0
,,30,__export__.product_product_6931,product.uom_เล่ม,0
,,30,product_219563,product.uom_เล่ม,0
,,30,product_176899,product.uom_เล่ม,0
,,30,product_176900,product.uom_เล่ม,0
,,30,product_176901,product.uom_เล่ม,0
,,30,product_172860,product.uom_เล่ม,0
,,30,product_172858,product.uom_เล่ม,0
,,30,product_176509,product.uom_เล่ม,0
,,30,product_176510,product.uom_เล่ม,0
,,30,product_172859,product.uom_เล่ม,0
,,30,product_163024,product.uom_เล่ม,0
,,30,__export__.product_product_6932,product.uom_เล่ม,0
,,30,product_63_182505,product.uom_เล่ม,0
,,30,product_182499,product.uom_ห่อ,0
,,30,product_182500,product.uom_ห่อ,0
,,30,product_182501,product.uom_ห่อ,0
,,30,product_182503,product.uom_ห่อ,0
,,30,product_182502,product.uom_ห่อ,0
,,30,product_182504,product.uom_ห่อ,0
,,30,product_63_182383,product.uom_ห่อ,0
,,30,product_N-DR-SA5ORG,product.uom_เล่ม,0
,,30,product_N-DR-SB5ORG,product.uom_เล่ม,0
,,30,product_N-DR-PD,product.uom_เล่ม,0
,,30,product_N-PPW-OF-8507-1,product.uom_เล่ม,0
,,30,product_N-PPW-OF-A5807-1,product.uom_เล่ม,0
,,30,product_N-PPW-OF-A6807-1,product.uom_เล่ม,0
,,30,product_3146342,product.uom_เล่ม,0
,,30,product_N-DR-PVCA5,product.uom_เล่ม,0
,,30,product_235301,product.uom_ห่อ,0
,,30,product_235302,product.uom_ห่อ,0
,,30,product_95056,product.uom_ห่อ,0
,,30,product_139528,product.uom_เล่ม,0
,,30,product_135230,product.uom_เล่ม,0
,,30,product_106700,product.uom_เล่ม,0
,,30,product_135239,product.uom_เล่ม,0
,,30,product_103107,product.uom_เล่ม,0
,,30,product_103105,product.uom_เล่ม,0
,,30,product_103138,product.uom_เล่ม,0
,,30,product_103098,product.uom_เล่ม,0
,,30,product_140002,product.uom_เล่ม,0
,,30,product_137677,product.uom_เล่ม,0
,,30,product_140001,product.uom_เล่ม,0
,,30,product_235307,product.uom_ห่อ,0
,,30,product_235308,product.uom_ห่อ,0
,,30,product_112477,product.uom_ห่อ,0
,,30,product_112480,product.uom_ห่อ,0
,,30,product_112488,product.uom_ห่อ,0
,,30,product_112493,product.uom_ห่อ,0
,,30,product_112507,product.uom_ห่อ,0
,,30,product_94809,product.uom_ห่อ,0
,,30,product_157360,product.uom_ห่อ,0
,,30,product_103104,product.uom_เล่ม,0
,,30,product_124006,product.uom_เล่ม,0
,,30,product_124950,product.uom_เล่ม,0
,,30,product_103106,product.uom_เล่ม,0
,,30,product_147372,product.uom_ห่อ,0
,,30,product_139364,product.uom_ห่อ,0
,,30,product_194528,product.uom_เล่ม,0
,,30,product_194527,product.uom_เล่ม,0
,,30,product_1908011,product.uom_เล่ม,0
,,30,__export__.product_product_6934,product.uom_เล่ม,0
,,30,__export__.product_product_6948,product.uom_เล่ม,0
,,30,product_3437948,product.uom_เล่ม,0
,,30,product_3437998,product.uom_เล่ม,0
,,30,product_3438141,product.uom_เล่ม,0
,,30,product_3438095,product.uom_เล่ม,0
,,30,product_3443284,product.uom_เล่ม,0
,,30,product_3437891,product.uom_เล่ม,0
,,30,product_3438043,product.uom_เล่ม,0
,,30,product_3437954,product.uom_เล่ม,0
,,30,product_3438008,product.uom_เล่ม,0
,,30,product_3438158,product.uom_เล่ม,0
,,30,product_3438106,product.uom_เล่ม,0
,,30,product_3443290,product.uom_เล่ม,0
,,30,product_3437902,product.uom_เล่ม,0
,,30,product_3438058,product.uom_เล่ม,0
,,30,product_3443347,product.uom_เล่ม,0
,,30,product_3443368,product.uom_เล่ม,0
,,30,product_3443422,product.uom_เล่ม,0
,,30,product_3443408,product.uom_เล่ม,0
,,30,product_3443445,product.uom_เล่ม,0
,,30,product_3443324,product.uom_เล่ม,0
,,30,product_3443382,product.uom_เล่ม,0
,,30,product_2800684,product.uom_เล่ม,0
,,30,product_2800685,product.uom_เล่ม,0
,,30,product_N-MIS-UNI980,product.uom_เล่ม,0
,,30,product_162871,product.uom_เล่ม,0
