id,name,inventory_line_id/location_id,inventory_line_id/product_id/id,NAME,inventory_line_id/product_qty,inventory_line_id/product_uom
stock_fg_mahachai_2Feb13,นับสต๊อกสำเร็จรูปมหาชัย วันที่ 2 Feb 13,FG มหาชัย,product_235301,Q-BIZ กระดาษการ์ดสีครีม 110g A4 100 ผ. ,807,ห่อ
,,FG มหาชัย,product_235302,Q-BIZ กระดาษการ์ดสีม่วง 110g A4 100 ผ. ,273,ห่อ
,,FG มหาชัย,product_P-CWF-010,กระดาษการ์ดสี A4 120แกรม 180แผ่น สีเขียว ,861,ห่อ
,,FG มหาชัย,product_P-CWF-014,กระดาษการ์ดสี A4 120แกรม 180แผ่น สีครีม ,980,ห่อ
,,FG มหาชัย,product_P-CWF-009,กระดาษการ์ดสี A4 120แกรม 180แผ่น สีชมพู ,29,ห่อ
,,FG มหาชัย,product_P-CWF-008,กระดาษการ์ดสี A4 120แกรม 180แผ่น สีฟ้า ,1126,ห่อ
,,FG มหาชัย,product_P-CWF-012,กระดาษการ์ดสี A4 120แกรม 180แผ่น สีม่วง ,499,ห่อ
,,FG มหาชัย,product_P-CWF-011,กระดาษการ์ดสี A4 120แกรม 180แผ่น สีเหลือง ,577,ห่อ
,,FG มหาชัย,product_P-CWF-017,กระดาษการ์ดสี A4 120แกรม 200แผ่น สีเขียว ,463,ห่อ
,,FG มหาชัย,product_P-CWF-021,กระดาษการ์ดสี A4 120แกรม 200แผ่น สีครีม ,417,ห่อ
,,FG มหาชัย,product_P-CWF-015,กระดาษการ์ดสี A4 120แกรม 200แผ่น สีฟ้า ,997,ห่อ
,,FG มหาชัย,product_P-CWF-019,กระดาษการ์ดสี A4 120แกรม 200แผ่น สีม่วง ,450,ห่อ
,,FG มหาชัย,product_P-CWF-020,กระดาษการ์ดสี A4 120แกรม 200แผ่น สีส้ม ,1240,ห่อ
,,FG มหาชัย,product_P-CWF-018,กระดาษการ์ดสี A4 120แกรม 200แผ่น สีเหลือง ,518,ห่อ
,,FG มหาชัย,product_P-CWF-024,กระดาษการ์ดสี A4 150แกรม 180แผ่น สีเขียว ,238,ห่อ
,,FG มหาชัย,product_P-CWF-023,กระดาษการ์ดสี A4 150แกรม 180แผ่น สีชมพู ,118,ห่อ
,,FG มหาชัย,product_P-CWF-025,กระดาษการ์ดสี A4 150แกรม 180แผ่น สีเหลือง ,297,ห่อ
,,FG มหาชัย,product_P-CWF-028,กระดาษการ์ดสี A4 150แกรม 200แผ่น สีเขียว ,103,ห่อ
,,FG มหาชัย,product_P-CWF-029,กระดาษการ์ดสี A4 150แกรม 200แผ่น สีเหลือง ,180,ห่อ
,,FG มหาชัย,__export__.product_product_6685,เทสโก้ การ์ดสี A4 120แกรม 30 แผ่น,4728,ห่อ
,,FG มหาชัย,product_P-ANS-100,กระดาษคำตอบ 100ข้อ 50แกรม 200แผ่น,30,ห่อ
,,FG มหาชัย,product_P-ANS-120,กระดาษคำตอบ 120ข้อ 50แกรม 200แผ่น,3950,ห่อ
,,FG มหาชัย,product_P-ANS-60,กระดาษคำตอบ 60ข้อ 50แกรม 200แผ่น,61800,ห่อ
,,FG มหาชัย,product_P-ANS-80,กระดาษคำตอบ 80ข้อ 50แกรม 200แผ่น,9085,ห่อ
,,FG มหาชัย,product_P-PC-A4-70G-300S,กระดาษถ่ายเอกสาร A4 70แกรม 300แผ่น Venus,628,ห่อ
,,FG มหาชัย,product_P-PC-A4-70G-400S,กระดาษถ่ายเอกสาร A4 70แกรม 400แผ่น Venus,570,ห่อ
,,FG มหาชัย,product_P-PC-A4-70G-500S-IDEAMAX,กระดาษถ่ายเอกสาร A4 70แกรม 500แผ่น Idea max,655,ห่อ
,,FG มหาชัย,product_P-PC-A4-70G-500S-PPC,กระดาษถ่ายเอกสาร A4 70แกรม 500แผ่น PPC,19810,ห่อ
,,FG มหาชัย,product_P-PC-A4-70G-500S,กระดาษถ่ายเอกสาร A4 70แกรม 500แผ่น Venus,5435,ห่อ
,,FG มหาชัย,product_P-PC-A4-80G-300S,กระดาษถ่ายเอกสาร A4 80แกรม 300แผ่น Venus,2831,ห่อ
,,FG มหาชัย,product_P-PC-A4-80G-500S-IDEAWORK,กระดาษถ่ายเอกสาร A4 80แกรม 500แผ่น Idea work,1380,ห่อ
,,FG มหาชัย,product_P-PC-A4-80G-500S,กระดาษถ่ายเอกสาร A4 80แกรม 500แผ่น Venus,1373,ห่อ
,,FG มหาชัย,product_P-PC-F4-80G-500S,กระดาษถ่ายเอกสาร F4 80แกรม 500แผ่น Venus,5,ห่อ
,,FG มหาชัย,product_157360,Q-BIZ กรดาษถ่ายเอกสารสี 80g A4 200 แผ่น (คละสีNo.1-4),340,ห่อ
,,FG มหาชัย,product_112507,Q-BIZ กรดาษถ่ายเอกสารสีแดง 80g A4 100 แผ่น No.16,990,ห่อ
,,FG มหาชัย,product_112493,Q-BIZ กรดาษถ่ายเอกสารสีส้ม 80g A4 100 แผ่น No.15,540,ห่อ
,,FG มหาชัย,product_235308,Q-BIZ กระดาษถ่ายเอกสารสีเหลืองทอง 80g A4 100 แผ่น No.11,492,ห่อ
,,FG มหาชัย,product_63_P-P01,กระดาษถ่ายเอกสารสี A4 80แกรม 500แผ่น คละสี,695,ห่อ
,,FG มหาชัย,product_P-PCWF-026,กระดาษถ่ายเอกสารสี A4 80แกรม 500แผ่น เบอร์10สีม่วง,60,ห่อ
,,FG มหาชัย,product_P-PCWF-029,กระดาษถ่ายเอกสารสี A4 80แกรม 500แผ่น เบอร์13สีฟ้า,612,ห่อ
,,FG มหาชัย,product_P-PCWF-031,กระดาษถ่ายเอกสารสี A4 80แกรม 500แผ่น เบอร์15สีส้ม,342,ห่อ
,,FG มหาชัย,product_P-PCWF-032,กระดาษถ่ายเอกสารสี A4 80แกรม 500แผ่น เบอร์16สีแดง,220,ห่อ
,,FG มหาชัย,product_P-PCWF-022,กระดาษถ่ายเอกสารสี A4 80แกรม 500แผ่น เบอร์6สีฟ้าอ่อน,208,ห่อ
,,FG มหาชัย,product_P-PCWF-024,กระดาษถ่ายเอกสารสี A4 80แกรม 500แผ่น เบอร์8สีเขียวอ่อน,394,ห่อ
,,FG มหาชัย,product_P-PCWF-039,กระดาษถ่ายเอกสารสีสะท้อนแสง A4 80แกรม 500แผ่น เบอร์18สีโอรส,302,ห่อ
,,FG มหาชัย,product_P-PCWF-041,กระดาษถ่ายเอกสารสีสะท้อนแสง A4 80แกรม 500แผ่น เบอร์20สีเขียว,90,ห่อ
,,FG มหาชัย,product_P-PCWF-042,กระดาษถ่ายเอกสารสีสะท้อนแสง A4 80แกรม 500แผ่น เบอร์21สีเหลือง,203,ห่อ
,,FG มหาชัย,product_2800684,To do list  70 แกรม 60 แผ่นA,4488,เล่ม
,,FG มหาชัย,product_2800685,To do list  70 แกรม 60 แผ่นB,10356,เล่ม
,,FG มหาชัย,product_2800679,กระดาษโน้ต70 แกรม 280แผ่น แพ็ค4A,5004,เล่ม
,,FG มหาชัย,product_2800680,กระดาษโน้ต70 แกรม 280แผ่น แพ็ค4B,4104,เล่ม
,,FG มหาชัย,product_P-RP-A4-70G,กระดาษรายงาน A4 70แกรม 200แผ่น,795,ห่อ
,,FG มหาชัย,product_1801611,เทสโก้ กระดาษรายงานมีเส้นA4/100 60แกรม,504,แผ่น
,,FG มหาชัย,product_P-DP-A-019,กระดาษโรเนียวปรู๊ฟนอก A4 60แกรม 300แผ่น Venus,1600,ห่อ
,,FG มหาชัย,product_P-DP-A-020,กระดาษโรเนียวปรู๊ฟนอก A4 60แกรม 500แผ่น Venus,529,ห่อ
,,FG มหาชัย,product_P-DP-A-013,กระดาษโรเนียวปรู๊ฟใน A4 60แกรม 300แผ่น Venus,1923,ห่อ
,,FG มหาชัย,product_P-DP-A-014,กระดาษโรเนียวปรู๊ฟใน A4 60แกรม 500แผ่น Venus,1892,ห่อ
,,FG มหาชัย,product_P-DP-A-017,กระดาษโรเนียวปรู๊ฟใน F4 60แกรม 300แผ่น Venus,1104,ห่อ
,,FG มหาชัย,product_P-DP-A-018,กระดาษโรเนียวปรู๊ฟใน F4 60แกรม 500แผ่น Venus,286,ห่อ
,,FG มหาชัย,product_P-DP-B-001,กระดาษโรเนียวปอนด์ A4 60แกรม 300แผ่น Value,3243,ห่อ
,,FG มหาชัย,product_P-DP-A-001,กระดาษโรเนียวปอนด์ A4 60แกรม 300แผ่น Venus,1200,ห่อ
,,FG มหาชัย,product_P-DP-B-004,กระดาษโรเนียวปอนด์ A4 60แกรม 500แผ่น Value,1835,ห่อ
,,FG มหาชัย,product_P-DP-A-004,กระดาษโรเนียวปอนด์ A4 60แกรม 500แผ่น Venus,2496,ห่อ
,,FG มหาชัย,product_P-DP-B-002,กระดาษโรเนียวปอนด์ A4 70แกรม 300แผ่น Value,1206,ห่อ
,,FG มหาชัย,product_P-DP-A-002,กระดาษโรเนียวปอนด์ A4 70แกรม 300แผ่น Venus,650,ห่อ
,,FG มหาชัย,product_P-DP-B-005,กระดาษโรเนียวปอนด์ A4 70แกรม 500แผ่น Value,521,ห่อ
,,FG มหาชัย,product_P-DP-A-005,กระดาษโรเนียวปอนด์ A4 70แกรม 500แผ่น Venus,1560,ห่อ
,,FG มหาชัย,product_P-DP-B-003,กระดาษโรเนียวปอนด์ A4 80แกรม 300แผ่น Value,200,ห่อ
,,FG มหาชัย,product_P-DP-A-003,กระดาษโรเนียวปอนด์ A4 80แกรม 300แผ่น Venus,1090,ห่อ
,,FG มหาชัย,product_P-DP-A-006,กระดาษโรเนียวปอนด์ A4 80แกรม 500แผ่น Venus,1079,ห่อ
,,FG มหาชัย,product_P-DP-B-008,กระดาษโรเนียวปอนด์ F4 70แกรม 300แผ่น Value,570,ห่อ
,,FG มหาชัย,product_P-WS-NO65-300,กระดาษสอบ เบอร์65 60แกรม 300แผ่น,3015,ห่อ
,,FG มหาชัย,__export__.product_product_7296,MKR กระดาษห่อของขวัญ 1*50 แผ่น,991,ห่อ
,,FG มหาชัย,product_P-GW-100,กระดาษห่อของขวัญ 1*100แผ่น คละลาย ,177,ห่อ
,,FG มหาชัย,product_P-GW-125,กระดาษห่อของขวัญ 1*125แผ่น ,8061,ห่อ
,,FG มหาชัย,product_1185085,"เทสโก้แวลู บัตรลงเวลา "" ไซโก้ ""  ",432000,แผ่น
,,FG มหาชัย,product_1185096,"เทสโก้แวลู บัตรลงเวลา "" อามาโน่ ""  ",556800,แผ่น
,,FG มหาชัย,product_2012644,เทสโก้ สมุดฉีก60แกรม50แผ่นไม่มีเส้น,4044,เล่ม
,,FG มหาชัย,product_2012645,เทสโก้ สมุดฉีกเล่มเล็ก70แกรม100แผ่นรวมปก,5496,เล่ม
,,FG มหาชัย,product_103107,Q-BIZ สมุดรายงาน 40 แผ่น,3600,เล่ม
,,FG มหาชัย,product_2800528,เทสโก้ แวลู สมุดฉีกรายงานA4/30 แผ่น  60แกรม,672,เล่ม
,,FG มหาชัย,product_2186434,เทสโก้ สมุดฉีก A5 70แกรม 25แผ่น,4340,เล่ม
,,FG มหาชัย,product_2800754,เทสโก้ สมุดฉีกทรงยาว  70แกรม 30 แผ่นรวมปกA,300,เล่ม
,,FG มหาชัย,product_2800755,เทสโก้ สมุดฉีกทรงยาว  70แกรม 30 แผ่นรวมปกB,240,เล่ม
,,FG มหาชัย,product_2800756,เทสโก้ สมุดฉีกทรงยาว  70แกรม 30 แผ่นรวมปกC,504,เล่ม
,,FG มหาชัย,product_2800757,เทสโก้ สมุดฉีกทรงยาว  70แกรม 30 แผ่นรวมปกD,240,เล่ม
,,FG มหาชัย,product_2800454,เทสโก้ สมุดฉีกรายงาน A4  60 แกรม 50 แผ่นรวมปก B,4200,เล่ม
,,FG มหาชัย,product_2800456,เทสโก้ สมุดฉีกรายงาน A4  60 แกรม 50 แผ่นรวมปก C,3744,เล่ม
,,FG มหาชัย,product_2800457,เทสโก้ สมุดฉีกรายงาน A4  60 แกรม 50 แผ่นรวมปก D,6684,เล่ม
,,FG มหาชัย,product_2800458,เทสโก้ สมุดฉีกรายงาน A4  60 แกรม 50 แผ่นรวมปก E,1980,เล่ม
,,FG มหาชัย,product_2800465,เทสโก้ สมุดฉีกรายงาน A4  60 แกรม 50 แผ่นรวมปก F,3444,เล่ม
,,FG มหาชัย,product_2800453,เทสโก้ สมุดฉีกรายงาน A4  60 แกรม 50 แผ่นรวมปกA,2256,เล่ม
,,FG มหาชัย,product_3438129,เทสโก้ สมุดฉีกรายงาน A4/50s 60g-SL-ชมพู,1284,เล่ม
,,FG มหาชัย,product_3438170,เทสโก้ สมุดฉีกรายงาน A4/50s 60g-SL-แดง,1152,เล่ม
,,FG มหาชัย,product_3438020,เทสโก้ สมุดฉีกรายงาน A4/50s 60g-SL-เทา,1200,เล่ม
,,FG มหาชัย,product_3437977,เทสโก้ สมุดฉีกรายงาน A4/50s 60g-SL-ฟ้า,1272,เล่ม
,,FG มหาชัย,product_3443318,เทสโก้ สมุดฉีกรายงาน A4/50s 60g-SL-ม่วง,1356,เล่ม
,,FG มหาชัย,product_3437925,เทสโก้ สมุดฉีกรายงาน A4/50s 60g-SLเขียว,1356,เล่ม
,,FG มหาชัย,product_3438072,เทสโก้ สมุดฉีกรายงาน A4/50s 60g-SLเหลือง,1284,เล่ม
,,FG มหาชัย,product_3454228,เทสโก้ สมุดฉีกรายงาน A4/50s 75g-ECO,4704,เล่ม
,,FG มหาชัย,product_3454265,เทสโก้ สมุดฉีกรายงาน A5/40s 75g-ECO,1812,เล่ม
,,FG มหาชัย,product_3454328,เทสโก้ สมุดฉีกรายงานA4/50s 75g 2Hole-ECO,8904,เล่ม
,,FG มหาชัย,product_1868860,เทสโก้ สมุดฉีกรายงานปกน้ำตาลA4/30 60แกรม,2928,เล่ม
,,FG มหาชัย,product_2800542,เทสโก้ สมุดรายงาน 60 แกรม A.4/40 แผ่น PVA4406,3432,เล่ม
,,FG มหาชัย,product_2249452,เทสโก้ สมุดรายงาน 60 แกรม A.4/50 แผ่น PVA4506,6096,เล่ม
,,FG มหาชัย,product_1127130,เทสโก้ สมุดรายงานA4/50ผ.รวมปก 60แกรม,1488,เล่ม
,,FG มหาชัย,product_1534821,เทสโก้ สมุดสันกาว A5 70แกรม 24แผ่น,7960,เล่ม
,,FG มหาชัย,product_2800723,เทสโก้ สมุดสันกาวA5 70 แกรม 40 แผ่นรวมปกA,3444,เล่ม
,,FG มหาชัย,product_2800722,เทสโก้ สมุดสันกาวA5 70 แกรม 40 แผ่นรวมปกB,3012,เล่ม
,,FG มหาชัย,product_2800726,เทสโก้ สมุดสันกาวทรงยาว 70 แกรม 50 แผ่นรวมปกB,48,เล่ม
,,FG มหาชัย,product_1127131,เทสโก้สมุดรายงาน12.5x17.5ซม.50ผ. 60ก.,4632,เล่ม
,,FG มหาชัย,product_1127176,เทสโก้สมุดรายงาน12.5x17.5ซม.50ผ.60ก  P6,7872,เล่ม
,,FG มหาชัย,product_1127175,เทสโก้สมุดรายงานA4/50ผ.รวมปก 60ก. P3,864,เล่ม
,,FG มหาชัย,product_N-PV-13,สมุดรายงาน 55แกรม 27แผ่น,12900,เล่ม
,,FG มหาชัย,product_176509,OFC สมุดปกอ่อนคละสีVC 9/40 60G P12 ,12012,เล่ม
,,FG มหาชัย,product_176510,OFC สมุดปกอ่อนคละสีVC 9/80 60G P6 ,2718,เล่ม
,,FG มหาชัย,product_124006,Q-BIZ สมุดปกการ์ดสี 9/30 แผ่น,7416,เล่ม
,,FG มหาชัย,product_124950,Q-BIZ สมุดปกการ์ดอาร์ต 9/50 แผ่น,44904,เล่ม
,,FG มหาชัย,product_261442,เทสโก้ สมุดโน๊ตปกสี 9/60 แผ่นรวมปก แพ็ค 6,468,เล่ม
,,FG มหาชัย,product_1918591,เทสโก้แวลู สมุดปกอ่อน  20 แผ่นรวมปก,12216,เล่ม
,,FG มหาชัย,product_1184978,เทสโก้แวลู สมุดปกอ่อนคละสี  9/26 แผ่น แพ็ค12,61920,เล่ม
,,FG มหาชัย,product_N-MIS-TAA440,สมุดบัญชีฉีกรายวัน 55แกรม A4/40แผ่น,28560,เล่ม
,,FG มหาชัย,product_N-MIS-VE924,สมุดปกสีวีนัส 80แกรม 9/24แผ่น,32414,เล่ม
,,FG มหาชัย,__export__.product_product_6942,สมุดปกอ่อนลายสก๊อต Big One 55G 9/80แผ่น,15648,เล่ม
,,FG มหาชัย,product_1184979,เทสโก้แวลู สมุดปกแข็งมุมมัน 70แกรม 5/100แผ่น(เส้นดำ),756,เล่ม
,,FG มหาชัย,product_1802555,เทสโก้ สมุดบัญชีปกแข็ง 60แกรม 12/100แผ่น HV-121006,312,เล่ม
,,FG มหาชัย,product_1534566,เทสโก้ สมุดบัญชีปกแข็ง 60แกรม 20/100แผ่น HV-201006,3684,เล่ม
,,FG มหาชัย,product_3454334,เทสโก้ สมุดปกแข็ง 5/100s 75g-ECO,864,เล่ม
,,FG มหาชัย,product_2011923,เทสโก้ สมุดปกแข็งสันตรง 70G 5/100แผ่น HV-51007 ลายเพชร,2412,เล่ม
,,FG มหาชัย,product_N-PPT-8307-1,Atlux สมุดปกพีพีอ่อนเย็บลวด 70g 8/30 PPT-8307,1512,เล่ม
,,FG มหาชัย,product_2800461,เทสโก้ สมุดปกพีพี 70 แกรม 34แผ่นรวมปกC,1884,เล่ม
,,FG มหาชัย,product_2800631,เทสโก้ สมุดปกพีพี B5 เย็บลวด 70 แกรม 28 แผ่นรวมปกA,16632,เล่ม
,,FG มหาชัย,product_2800632,เทสโก้ สมุดปกพีพี B5 เย็บลวด 70 แกรม 28 แผ่นรวมปกB,22584,เล่ม
,,FG มหาชัย,product_N-918GL,Atlux สมุด ตัด9/18 กราฟิคเส้น P10,14400,เล่ม
,,FG มหาชัย,product_N-918POOH,Atlux สมุด ตัด9/18 หมีพู  P10,9600,เล่ม
,,FG มหาชัย,product_N-AF10-1,Atlux สมุดปกภาพ 60G 9/46แผ่น AF10,26172,เล่ม
,,FG มหาชัย,product_N-F8306-1,Atlux สมุดปกอ่อนเย็บลวด 60G 8/30แผ่น F8306,3480,เล่ม
,,FG มหาชัย,product_N-930POOH,Atlux สมุดปกอ่อนเย็บลวด ตัด9 30 แผ่น หมีพู,12156,เล่ม
,,FG มหาชัย,__export__.product_product_7297,SJR สมุดเย็บลวดตัด9/24แผ่น 60G,30627,เล่ม
,,FG มหาชัย,product_3453865,คัดเดิลมี สมุดเย็บลวดตัด9/24แผ่น 60g,4116,เล่ม
,,FG มหาชัย,product_1451547,เทสโก้ สมุดปกภาพ 60 แกรม 9/80 แผ่นรวมปก F980,3540,เล่ม
,,FG มหาชัย,product_1643087,เทสโก้ สมุดปกภาพ 60G 9/50แผ่น F-950,65280,เล่ม
,,FG มหาชัย,product_1300369,เทสโก้ สมุดปกภาพ 60G 9/60แผ่น F-960 (3714) ,20616,เล่ม
,,FG มหาชัย,product_1300369,เทสโก้ สมุดปกภาพ 60G 9/60แผ่น F-960 (5559)  ,68328,เล่ม
,,FG มหาชัย,product_268691,เทสโก้ สมุดปกภาพ 9/18 แผ่นรวมปก AF 5,8952,เล่ม
,,FG มหาชัย,product_1451543,เทสโก้ สมุดปกภาพ 9/46 แผ่นรวมปก AF 10,109008,เล่ม
,,FG มหาชัย,product_1802560,เทสโก้ สมุดมุงหลังคา B5 70 แกรม 30 แผ่นรวมปก,33288,เล่ม
,,FG มหาชัย,product_2767605,เทสโก้ สมุดเย็บลวด 9/30 แผ่น 60g  P12,36288,เล่ม
,,FG มหาชัย,product_3168609,เทสโก้ สมุดเย็บลวด B5 24 แผ่น 80 แกรม ,36900,เล่ม
,,FG มหาชัย,product_2800531,เทสโก้ สมุดเย็บลวดB5  40 แผ่น 80แกรม,5472,เล่ม
,,FG มหาชัย,product_3437919,เทสโก้ สมุดเย็บลวดB5/40s 60g-SL-เขียว,4164,เล่ม
,,FG มหาชัย,product_3438112,เทสโก้ สมุดเย็บลวดB5/40s 60g-SL-ชมพู,4416,เล่ม
,,FG มหาชัย,product_3438164,เทสโก้ สมุดเย็บลวดB5/40s 60g-SL-แดง,3948,เล่ม
,,FG มหาชัย,product_3438014,เทสโก้ สมุดเย็บลวดB5/40s 60g-SL-เทา,4200,เล่ม
,,FG มหาชัย,product_3437960,เทสโก้ สมุดเย็บลวดB5/40s 60g-SL-ฟ้า,3912,เล่ม
,,FG มหาชัย,product_3443301,เทสโก้ สมุดเย็บลวดB5/40s 60g-SL-ม่วง,4476,เล่ม
,,FG มหาชัย,product_3438066,เทสโก้ สมุดเย็บลวดB5/40s 60g-SL-เหลือง,4140,เล่ม
,,FG มหาชัย,product_3454288,เทสโก้ สมุดเย็บลวดB5/40s 75g-ECO-1,2556,เล่ม
,,FG มหาชัย,product_3454392,เทสโก้ สมุดเย็บลวดB5/40s 75g-ECO-2,2484,เล่ม
,,FG มหาชัย,product_2800530,เทสโก้ สมุดเย็บลวดตัด9  24 แผ่น 80แกรม ,14400,เล่ม
,,FG มหาชัย,product_3443330,เทสโก้ สมุดเย็บลวดตัด9/24s 60g-SL-เขียว,5196,เล่ม
,,FG มหาชัย,product_3443416,เทสโก้ สมุดเย็บลวดตัด9/24s 60g-SL-ชมพู,4608,เล่ม
,,FG มหาชัย,product_3443439,เทสโก้ สมุดเย็บลวดตัด9/24s 60g-SL-แดง,4704,เล่ม
,,FG มหาชัย,product_3443376,เทสโก้ สมุดเย็บลวดตัด9/24s 60g-SL-เทา,4332,เล่ม
,,FG มหาชัย,product_3443353,เทสโก้ สมุดเย็บลวดตัด9/24s 60g-SL-ฟ้า,5052,เล่ม
,,FG มหาชัย,product_3443451,เทสโก้ สมุดเย็บลวดตัด9/24s 60g-SL-ม่วง,5112,เล่ม
,,FG มหาชัย,product_3443399,เทสโก้ สมุดเย็บลวดตัด9/24s 60g-SL-เหลือง,4488,เล่ม
,,FG มหาชัย,product_3454173,เทสโก้ สมุดเย็บลวดตัด9/24แผ่น 75g-ECO-1,72,เล่ม
,,FG มหาชัย,product_3454357,เทสโก้ สมุดเย็บลวดตัด9/24แผ่น 75g-ECO-2,156,เล่ม
,,FG มหาชัย,product_2800629,เทสโก้ สมุดเย็บลวดมุงหลังคา 60 แกรม 24 แผ่นรวมปกA,16632,เล่ม
,,FG มหาชัย,product_2800630,เทสโก้ สมุดเย็บลวดมุงหลังคา 60 แกรม 24 แผ่นรวมปกB,18180,เล่ม
,,FG มหาชัย,product_2800699,เทสโก้ สมุดเย็บลวดมุงหลังคาB5 60 แกรม 40 แผ่นรวมปกA,12804,เล่ม
,,FG มหาชัย,product_2800700,เทสโก้ สมุดเย็บลวดมุงหลังคาB5 60 แกรม 40 แผ่นรวมปกB,15828,เล่ม
,,FG มหาชัย,product_N-EF5,สมุดปกภาพ 50แกรม 9/14แผ่น EF-5 ,244416,เล่ม
,,FG มหาชัย,product_N-EF10,สมุดปกภาพ 50แกรม 9/34แผ่น EF-10,297506,เล่ม
,,FG มหาชัย,product_N-EF20,สมุดปกภาพ 50แกรม 9/80แผ่น EF-20,62784,เล่ม
,,FG มหาชัย,product_N-F9100,สมุดปกภาพ 60แกรม 9/100แผ่น F-9100,24738,เล่ม
,,FG มหาชัย,product_N-F920,สมุดปกภาพ 60แกรม 9/20แผ่น F-920,68256,เล่ม
,,FG มหาชัย,product_N-F940,สมุดปกภาพ 60แกรม 9/40แผ่น F-940,184416,เล่ม
,,FG มหาชัย,product_N-F950,สมุดปกภาพ 60แกรม 9/50แผ่น F-950,104256,เล่ม
,,FG มหาชัย,product_N-F960,สมุดปกภาพ 60แกรม 9/60แผ่น F-960,29700,เล่ม
,,FG มหาชัย,product_N-F980,สมุดปกภาพ 60แกรม 9/80แผ่น F-980,101286,เล่ม
,,FG มหาชัย,product_N-NV-9407-1,Atlux สมุดปกอ่อนสันกาว 70g 9/40 แผ่น NV9407,11364,เล่ม
,,FG มหาชัย,product_846309,เทสโก้ สมุดปกอ่อนเย็บลวด 10*20 ซม. 70 แกรม 50 แผ่นรวมปก,84960,เล่ม
,,FG มหาชัย,product_2800635,เทสโก้ สมุดปกอ่อนสันกาว  B5 70 แกรม 40 แผ่นรวมปก B,3084,เล่ม
,,FG มหาชัย,product_2800637,เทสโก้ สมุดปกอ่อนสันกาว  B5 70 แกรม 40 แผ่นรวมปก D,4560,เล่ม
,,FG มหาชัย,product_2800633,เทสโก้ สมุดปกอ่อนสันกาว  B5 70 แกรม 40 แผ่นรวมปกA,3852,เล่ม
,,FG มหาชัย,product_2800636,เทสโก้ สมุดปกอ่อนสันกาว  B5 70 แกรม 40 แผ่นรวมปกC,3444,เล่ม
,,FG มหาชัย,product_1451548,เทสโก้ สมุดปกอ่อนสันกาว 8/40 เคลือบโฮโลแกรม PBF8407,7860,เล่ม
,,FG มหาชัย,product_2800686,เทสโก้ สมุดปกอ่อนสันกาว A6 70แกรม 32 แผ่นรวมปก แพ็ค 2 เล่มA,204,เล่ม
,,FG มหาชัย,product_2800687,เทสโก้ สมุดปกอ่อนสันกาว A6 70แกรม 32 แผ่นรวมปก แพ็ค 2 เล่มB,456,เล่ม
,,FG มหาชัย,product_1451544,เทสโก้ สมุดปกอ่อนสันกาวตัด9/60 แผ่นรวมปก 60 แกรม,1212,เล่ม
,,FG มหาชัย,product_2800537,เทสโก้ สมุดปกอ่อนสันกาวสีเมทาลิค 8/60แผ่น 70G NV-M-8607 ,7152,เล่ม
,,FG มหาชัย,product_2800535,เทสโก้ สมุดปกอ่อนสันกาวสีเมทาลิค A5/40แผ่น 70G NV-M-A5407,912,เล่ม
,,FG มหาชัย,product_3454449,เทสโก้ สมุดสันกาว A6/32s 75g P2-ECO,4272,เล่ม
,,FG มหาชัย,product_3168615,เทสโก้ สมุดสันกาว B5 24 แผ่น 80 แกรม ,18780,เล่ม
,,FG มหาชัย,product_2526054,เทสโก้ สมุดสันกาว B5 40 แผ่น 80 แกรม,16848,เล่ม
,,FG มหาชัย,product_1802561,เทสโก้ สมุดสันกาว B5 70 แกรม 30 แผ่นรวมปก,8040,เล่ม
,,FG มหาชัย,product_3454305,เทสโก้ สมุดสันกาวทรงยาว 50s 75g-ECO,1920,เล่ม
,,FG มหาชัย,product_1812974,เทสโก้ สมุดอ่อนสันกาว 9/50 แผ่น AF10-PB,4344,เล่ม
,,FG มหาชัย,product_N-AF10PB,สมุดปกภาพ 60แกรม 9/50แผ่น AF-10-PB,5256,เล่ม
,,FG มหาชัย,product_N-GNB-B5406,สมุดปกอ่อนสันกาวตัด8 60แกรม 8/40แผ่น GNB-B5406,21024,เล่ม
,,FG มหาชัย,product_N-GNB-B5307,สมุดปกอ่อนสันกาวตัด8 70แกรม 8/30แผ่น GNB-B5307,17280,เล่ม
,,FG มหาชัย,product_N-GNB-B5407,สมุดปกอ่อนสันกาวตัด8/40 แผ่น 70G GNB-B5407,38880,เล่ม
,,FG มหาชัย,product_192472,สมุดชื่อ ชั้น วิชา 55g 9/40 แผ่น เส้นครึ่งบรรทัด,6708,เล่ม
,,FG มหาชัย,product_192403,สมุดชื่อ ชั้น วิชา 55g 9/40 แผ่น เส้นธรรมดา,6330,เล่ม
,,FG มหาชัย,product_192403,สมุดชื่อชั้นวิชา 55G 9/40แผ่น เส้นธรรมดา,278535,เล่ม
,,FG มหาชัย,product_192403,สมุดชื่อชั้นวิชา 55G 9/80แผ่น เส้นธรรมดา,50170,เล่ม
,,FG มหาชัย,product_N-PN-G940,สมุดชื่อชั้นวิชา กร๊าฟ3เส้น 9/40แผ่น,30000,เล่ม
,,FG มหาชัย,product_N-PN-G980,สมุดชื่อชั้นวิชา กร๊าฟ3เส้น 9/80แผ่น,28200,เล่ม
,,FG มหาชัย,product_N-PN-5L940,สมุดชื่อชั้นวิชา บรรทัด5เส้น 9/40แผ่น,49800,เล่ม
,,FG มหาชัย,product_N-PN-5L980,สมุดชื่อชั้นวิชา บรรทัด5เส้น 9/80แผ่น,23180,เล่ม
,,FG มหาชัย,product_N-PN-H940,สมุดชื่อชั้นวิชา เส้นครึ่งบรรทัด 9/40แผ่น,12000,เล่ม
,,FG มหาชัย,product_N-PN-H980,สมุดชื่อชั้นวิชา เส้นครึ่งบรรทัด 9/80แผ่น,19820,เล่ม
,,FG มหาชัย,product_192412,สมุด สพฐ. 55g 9/40 แผ่น เส้นครึ่งบรรทัด,9768,เล่ม
,,FG มหาชัย,product_2800549,สมุดสพฐ. 9/40 แผ่นรวมปก  60 แกรม ,2832,เล่ม
,,FG มหาชัย,product_1993315,สมุดสพฐ. 9/40 แผ่นรวมปก  60 แกรม  แพ็ค 6,1440,เล่ม
,,FG มหาชัย,product_2800551,สมุดสพฐ. 9/80 แผ่นรวมปก  60 แกรม ,2568,เล่ม
,,FG มหาชัย,product_2800552,สมุดสพฐ. 9/80 แผ่นรวมปก  60 แกรม แพ็ค 6,828,เล่ม
,,FG มหาชัย,product_N-SPT-G940,สมุดสพฐ. การ์ดอาร์ต 55แกรม กร๊าฟ3เส้น 9/40แผ่น,45980,เล่ม
,,FG มหาชัย,product_N-SPT-G980,สมุดสพฐ. การ์ดอาร์ต 55แกรม กร๊าฟ3เส้น 9/80แผ่น,48890,เล่ม
,,FG มหาชัย,product_N-SPT-5L940,สมุดสพฐ. การ์ดอาร์ต 55แกรม บรรทัด5เส้น 9/40แผ่น,18800,เล่ม
,,FG มหาชัย,product_N-SPT-5L980,สมุดสพฐ. การ์ดอาร์ต 55แกรม บรรทัด5เส้น 9/80แผ่น,25140,เล่ม
,,FG มหาชัย,product_N-SPT-H940,สมุดสพฐ. การ์ดอาร์ต 55แกรม เส้นครึ่งบรรทัด 9/40แผ่น,8400,เล่ม
,,FG มหาชัย,product_N-SPT-H980,สมุดสพฐ. การ์ดอาร์ต 55แกรม เส้นครึ่งบรรทัด 9/80แผ่น,77400,เล่ม
,,FG มหาชัย,product_N-SPT-S940,สมุดสพฐ. การ์ดอาร์ต 55แกรม เส้นเดี่ยว 9/40แผ่น,780960,เล่ม
,,FG มหาชัย,product_N-SPT-S980,สมุดสพฐ. การ์ดอาร์ต 55แกรม เส้นเดี่ยว 9/80แผ่น,512060,เล่ม
,,FG มหาชัย,product_N-SPT-G60G940,สมุดสพฐ. การ์ดอาร์ต 60แกรม กร๊าฟ3เส้น 9/40แผ่น,9800,เล่ม
,,FG มหาชัย,product_N-SPT-G60G980,สมุดสพฐ. การ์ดอาร์ต 60แกรม กร๊าฟ3เส้น 9/80แผ่น,11820,เล่ม
,,FG มหาชัย,product_N-SPT-5L60G940,สมุดสพฐ. การ์ดอาร์ต 60แกรม บรรทัด5เส้น 9/40แผ่น,26360,เล่ม
,,FG มหาชัย,product_N-SPT-5L60G980,สมุดสพฐ. การ์ดอาร์ต 60แกรม บรรทัด5เส้น 9/80แผ่น,16480,เล่ม
,,FG มหาชัย,product_N-SPT-H60G940,สมุดสพฐ. การ์ดอาร์ต 60แกรม เส้นครึ่งบรรทัด 9/40แผ่น,29280,เล่ม
,,FG มหาชัย,product_N-SPT-H60G980,สมุดสพฐ. การ์ดอาร์ต 60แกรม เส้นครึ่งบรรทัด 9/80แผ่น,12460,เล่ม
,,FG มหาชัย,product_103098,Q-BIZ สมุดปกอ่อนลายไทย 55g 9/30 แผ่น,52392,เล่ม
,,FG มหาชัย,product_1184977,เทสโก้แวลู สมุดปกอ่อนลายไทย   9/30 แผ่นรวมปก แพ็ค 12,178272,เล่ม
,,FG มหาชัย,product_N-TD-930,สมุดปกอ่อนลายไทย 55แกรม 9/30แผ่น,79008,เล่ม
,,FG มหาชัย,product_N-TD-936,สมุดปกอ่อนลายไทย 55แกรม 9/36แผ่น,26304,เล่ม
