id,uom_so_id
product_P-GB-230G-31*43,รีม
product_P-GB-250G-31*43,รีม
product_P-GB-270G-31*43,รีม
product_P-GB-290G-31*43,รีม
product_P-GB-310G-31*43,รีม
product_P-GB-350G-31*43,รีม
product_P-GB-400G-31*43,รีม
product_P-GB-450G-31*43,รีม
product_P-GB-500G-31*43,รีม
product_P-GB-230G-31*21dot5,รีม
product_P-GB-250G-31*21dot5,รีม
product_P-GB-270G-31*21dot5,รีม
product_P-GB-290G-31*21dot5,รีม
product_P-GB-310G-31*21dot5,รีม
product_P-GB-350G-31*21dot5,รีม
product_P-GB-400G-31*21dot5,รีม
product_P-GB-450G-31*21dot5,รีม
product_P-GB-500G-31*21dot5,รีม
product_P-WCL-3*5,ห่อ
product_P-WCL-4*6,ห่อ
product_P-WCL-5*8,ห่อ
product_P-SC-5*8,ห่อ
product_P-SC-6*8,ห่อ
product_P-CWF-001,ห่อ
product_P-CWF-002,ห่อ
product_P-CWF-003,ห่อ
product_P-CWF-004,ห่อ
product_P-CWF-005,ห่อ
product_P-CWF-006,ห่อ
product_P-CWF-007,ห่อ
product_P-CWF-008,ห่อ
product_P-CWF-009,ห่อ
product_P-CWF-010,ห่อ
product_P-CWF-011,ห่อ
product_P-CWF-012,ห่อ
product_P-CWF-013,ห่อ
product_P-CWF-014,ห่อ
product_P-CWF-015,ห่อ
product_P-CWF-016,ห่อ
product_P-CWF-017,ห่อ
product_P-CWF-018,ห่อ
product_P-CWF-019,ห่อ
product_P-CWF-020,ห่อ
product_P-CWF-021,ห่อ
product_P-CWF-022,ห่อ
product_P-CWF-023,ห่อ
product_P-CWF-024,ห่อ
product_P-CWF-025,ห่อ
product_P-CWF-026,ห่อ
product_P-CWF-027,ห่อ
product_P-CWF-028,ห่อ
product_P-CWF-029,ห่อ
product_P-CWF-030,ห่อ
product_P-CWF-031,ห่อ
product_P-CWF-032,ห่อ
product_P-CWF-033,ห่อ
product_P-CWF-034,ห่อ
product_P-CWF-035,ห่อ
product_P-CWF-036,ห่อ
product_P-CWF-037,ห่อ
product_P-CWF-038,ห่อ
product_P-CWF-039,ห่อ
product_P-CWF-040,ห่อ
product_P-CWF-041,ห่อ
product_P-CWF-042,ห่อ
product_P-CWF-043,ห่อ
product_P-CWF-044,ห่อ
product_P-CWF-045,ห่อ
product_P-CWF-046,ห่อ
product_P-CWF-047,ห่อ
product_P-CWF-048,ห่อ
product_P-CWF-049,ห่อ
product_P-CWF-050,ห่อ
product_P-CWF-051,ห่อ
product_P-CWF-052,ห่อ
product_P-CWF-053,ห่อ
product_P-CWF-054,ห่อ
product_P-CWF-055,ห่อ
product_P-CWF-056,ห่อ
product_P-CWF-057,ห่อ
product_P-CWF-058,ห่อ
product_P-CWF-059,ห่อ
product_P-CWF-060,ห่อ
product_P-CWF-061,ห่อ
product_P-CWF-062,ห่อ
product_P-CWF-063,ห่อ
product_P-CWF-064,ห่อ
product_P-CWF-065,ห่อ
product_P-CWF-066,ห่อ
product_P-CWF-067,รีม
product_P-CWF-068,รีม
product_P-CWF-069,รีม
product_P-CWF-070,รีม
product_P-CWF-071,รีม
product_P-CWF-072,รีม
product_P-CWF-073,รีม
product_P-CWF-074,รีม
product_P-CWF-075,รีม
product_P-CWF-076,รีม
product_P-CWF-077,รีม
product_P-CWF-078,รีม
product_P-CWF-079,รีม
product_P-CWF-080,รีม
product_P-CWF-081,รีม
product_P-CWF-082,รีม
product_P-CWF-083,รีม
product_P-CWF-084,รีม
product_P-CWF-085,รีม
product_P-CWF-086,รีม
product_P-CWF-087,รีม
product_P-CWF-088,รีม
product_P-HB-NO8-A,ห่อ
product_P-HB-NO10-A,ห่อ
product_P-HB-NO12-A,ห่อ
product_P-HB-NO16-A,ห่อ
product_P-HB-NO20-A,ห่อ
product_P-HB-NO24-A,ห่อ
product_P-HB-NO32-A,ห่อ
product_P-HB-NO8-B,ห่อ
product_P-HB-NO10-B,ห่อ
product_P-HB-NO12-B,ห่อ
product_P-HB-NO16-B,ห่อ
product_P-HB-NO20-B,ห่อ
product_P-HB-NO24-B,ห่อ
product_P-HB-NO32-B,ห่อ
product_P-ANS-60,ห่อ
product_P-ANS-80,ห่อ
product_P-ANS-100,ห่อ
product_P-ANS-120,ห่อ
product_P-PC-A4-70G-300S,ห่อ
product_P-PC-A4-70G-400S,ห่อ
product_P-PC-A4-70G-500S,ห่อ
product_P-PC-A4-70G-500S-IDEAMAX,ห่อ
product_P-PC-A4-70G-500S-PPC,ห่อ
product_P-PC-A4-70G-500S-CLP,ห่อ
product_P-PC-F4-70G-300S,ห่อ
product_P-PC-F4-70G-500S,ห่อ
product_P-PC-A3-70G-300S,ห่อ
product_P-PC-A3-70G-500S,ห่อ
product_P-PC-A4-80G-300S,ห่อ
product_P-PC-A4-80G-400S,ห่อ
product_P-PC-A4-80G-500S,ห่อ
product_P-PC-A4-80G-500S-IDEAWORK,ห่อ
product_P-PC-A4-80G-500S-PPC,ห่อ
product_P-PC-F4-80G-300S,ห่อ
product_P-PC-F4-80G-500S,ห่อ
product_P-PC-A3-80G-300S,ห่อ
product_P-PC-A3-80G-500S,ห่อ
product_P-PCWF-001,ห่อ
product_P-PCWF-002,ห่อ
product_P-PCWF-003,ห่อ
product_P-PCWF-004,ห่อ
product_P-PCWF-005,ห่อ
product_P-PCWF-006,ห่อ
product_P-PCWF-007,ห่อ
product_P-PCWF-008,ห่อ
product_P-PCWF-009,ห่อ
product_P-PCWF-010,ห่อ
product_P-PCWF-011,ห่อ
product_P-PCWF-012,ห่อ
product_P-PCWF-013,ห่อ
product_P-PCWF-014,ห่อ
product_P-PCWF-015,ห่อ
product_P-PCWF-016,ห่อ
product_P-PCWF-017,ห่อ
product_P-PCWF-018,ห่อ
product_P-PCWF-019,ห่อ
product_P-PCWF-020,ห่อ
product_P-PCWF-021,ห่อ
product_P-PCWF-022,ห่อ
product_P-PCWF-023,ห่อ
product_P-PCWF-024,ห่อ
product_P-PCWF-025,ห่อ
product_P-PCWF-026,ห่อ
product_P-PCWF-027,ห่อ
product_P-PCWF-028,ห่อ
product_P-PCWF-029,ห่อ
product_P-PCWF-030,ห่อ
product_P-PCWF-031,ห่อ
product_P-PCWF-032,ห่อ
product_P-PCWF-033,ห่อ
product_P-PCWF-034,ห่อ
product_P-PCWF-035,ห่อ
product_P-PCWF-036,ห่อ
product_P-PCWF-037,ห่อ
product_P-PCWF-038,ห่อ
product_P-PCWF-039,ห่อ
product_P-PCWF-040,ห่อ
product_P-PCWF-041,ห่อ
product_P-PCWF-042,ห่อ
product_P-PCWF-SR-001,ห่อ
product_P-PCWF-SR-002,ห่อ
product_P-PCWF-SR-003,ห่อ
product_P-PCWF-SR-004,ห่อ
product_P-PCWF-SR-005,ห่อ
product_P-PCWF-SR-006,ห่อ
product_P-PCWF-SR-007,ห่อ
product_P-PCWF-SR-008,ห่อ
product_P-RC-35*47,รีม
product_P-LG-001,ห่อ
product_P-LG-002,ห่อ
product_P-LG-003,ห่อ
product_P-LG-004,ห่อ
product_P-LG-005,ห่อ
product_P-LG-006,ห่อ
product_P-LG-007,ห่อ
product_P-LG-008,ห่อ
product_P-LG-009,ห่อ
product_P-LG-010,ห่อ
product_P-LG-011,ห่อ
product_P-LG-012,ห่อ
product_P-LG-013,ห่อ
product_P-LG-014,ห่อ
product_P-TCWF-001,ห่อ
product_P-TCWF-002,ห่อ
product_P-TCWF-003,ห่อ
product_P-TCWF-004,ห่อ
product_P-TCWF-005,ห่อ
product_P-TCWF-006,ห่อ
product_P-TCWF-007,ห่อ
product_P-TCWF-008,ห่อ
product_P-TCWF-009,ห่อ
product_P-TCWF-010,ห่อ
product_P-TCWF-011,ห่อ
product_P-TCWF-012,ห่อ
product_P-TCWF-013,ห่อ
product_P-TCWF-014,ห่อ
product_P-TCWF-015,ห่อ
product_P-TCWF-016,ห่อ
product_P-TCWF-017,ห่อ
product_P-TCWF-018,ห่อ
product_P-TCWF-019,ห่อ
product_P-TCWF-020,ห่อ
product_P-TCWF-021,ห่อ
product_P-TCWF-022,ห่อ
product_P-TCWF-023,ห่อ
product_P-TCWF-024,ห่อ
product_P-TCWF-025,รีม
product_P-TCWF-026,รีม
product_P-TCWF-027,รีม
product_P-TCWF-028,รีม
product_P-NP-31*43,รีม
product_P-WF-60G,รีม
product_P-WF-70G,รีม
product_P-WF-80G,รีม
product_P-WF-100G,รีม
product_P-PT-001,แผ่น
product_P-PT-002,แผ่น
product_P-PT-003,แผ่น
product_P-PT-004,แผ่น
product_P-PT-005,แผ่น
product_P-PT-006,แผ่น
product_P-PT-007,แผ่น
product_P-PT-008,แผ่น
product_P-PT-009,แผ่น
product_P-PT-010,แผ่น
product_P-PT-011,แผ่น
product_P-PT-012,แผ่น
product_P-PT-013,แผ่น
product_P-PT-014,แผ่น
product_P-PT-015,แผ่น
product_P-PT-016,แผ่น
product_P-PT-017,แผ่น
product_P-PT-018,แผ่น
product_P-PT-019,แผ่น
product_P-PT-020,แผ่น
product_P-PT-021,แผ่น
product_P-PT-022,แผ่น
product_P-PT-023,แผ่น
product_P-PT-024,แผ่น
product_P-PT-025,แผ่น
product_P-PT-026,แผ่น
product_P-PT-027,แผ่น
product_P-PT-028,แผ่น
product_P-PT-029,แผ่น
product_P-PT-030,แผ่น
product_P-PT-031,แผ่น
product_P-PT-032,แผ่น
product_P-PT-033,แผ่น
product_P-PT-034,แผ่น
product_P-PT-035,แผ่น
product_P-PT-036,แผ่น
product_P-PT-037,แผ่น
product_P-PT-038,แผ่น
product_P-PT-039,แผ่น
product_P-PT-040,แผ่น
product_P-PT-041,แผ่น
product_P-PT-042,แผ่น
product_P-PT-043,แผ่น
product_P-PT-044,แผ่น
product_P-PT-045,แผ่น
product_P-PT-046,แผ่น
product_P-PT-047,แผ่น
product_P-PT-048,แผ่น
product_P-PT-049,แผ่น
product_P-PT-050,แผ่น
product_P-PT-051,แผ่น
product_P-PT-052,แผ่น
product_P-PT-053,แผ่น
product_P-PT-054,แผ่น
product_P-PT-055,แผ่น
product_P-PT-056,แผ่น
product_P-PT-057,แผ่น
product_P-PT-058,แผ่น
product_P-PT-059,แผ่น
product_P-PT-060,แผ่น
product_P-PT-1SM,แผ่น
product_P-PT-2SM,แผ่น
product_P-PT-HM,แผ่น
product_P-FS-NO34,ห่อ
product_P-FS-NO36,ห่อ
product_P-FS-NO150,ห่อ
product_P-FP-PANDA,ม้วน
product_P-FP-VENUS,ม้วน
product_P-RP-A4-70G,ห่อ
product_P-DP-A-001,ห่อ
product_P-DP-A-002,ห่อ
product_P-DP-A-003,ห่อ
product_P-DP-A-004,ห่อ
product_P-DP-A-005,ห่อ
product_P-DP-A-006,ห่อ
product_P-DP-B-001,ห่อ
product_P-DP-B-002,ห่อ
product_P-DP-B-003,ห่อ
product_P-DP-B-004,ห่อ
product_P-DP-B-005,ห่อ
product_P-DP-B-006,ห่อ
product_P-DP-A-007,ห่อ
product_P-DP-A-008,ห่อ
product_P-DP-A-009,ห่อ
product_P-DP-A-010,ห่อ
product_P-DP-A-011,ห่อ
product_P-DP-A-012,ห่อ
product_P-DP-B-007,ห่อ
product_P-DP-B-008,ห่อ
product_P-DP-B-009,ห่อ
product_P-DP-B-010,ห่อ
product_P-DP-B-011,ห่อ
product_P-DP-B-012,ห่อ
product_P-DP-A-013,ห่อ
product_P-DP-A-014,ห่อ
product_P-DP-A-015,ห่อ
product_P-DP-A-016,ห่อ
product_P-DP-A-017,ห่อ
product_P-DP-A-018,ห่อ
product_P-DP-B-013,ห่อ
product_P-DP-B-014,ห่อ
product_P-DP-A-019,ห่อ
product_P-DP-A-020,ห่อ
product_P-DW-31*21dot5-120G,รีม
product_P-DW-31*21dot5-150G,รีม
product_P-DW-31*43-120G,รีม
product_P-DW-31*43-150G,รีม
product_P-DW-56*79-200G,รีม
product_P-WS-NO65-200,ห่อ
product_P-WS-NO65-300,ห่อ
product_P-GW-100,ห่อ
product_P-GW-125,ห่อ
product_P-NB,กล่อง
product_P-TC-AMANO,ห่อ
product_P-TC-SAIKO,ห่อ
product_P-FC-001,ห่อ
product_P-FC-002,ห่อ
product_P-FC-003,ห่อ
product_P-FC-004,ห่อ
product_P-FC-A4-2T,ห่อ
product_N-TS-470L,เล่ม
product_N-TS-A70L,เล่ม
product_N-TS-A90L,เล่ม
product_N-TS-AA100L,เล่ม
product_N-TS-NO4NL,เล่ม
product_N-TS-NO5NL,เล่ม
product_N-TS-A70NL,เล่ม
product_N-TS-AA100NL,เล่ม
product_N-PV-A4406B,โหล
product_N-PV-A4206,โหล
product_N-PV-A4406,โหล
product_N-PV-A4506,โหล
product_N-PV-13,โหล
product_N-DR-A5,เล่ม
product_N-DR-B5,เล่ม
product_N-DR-A5ORG,เล่ม
product_N-DR-B6ORG,เล่ม
product_N-DR-PD,เล่ม
product_N-DR-HD,เล่ม
product_N-DR-BP,เล่ม
product_N-DR-PVCA5,เล่ม
product_N-DR-BDB6,เล่ม
product_N-DR-SA5ORG,เล่ม
product_N-DR-SB5ORG,เล่ม
product_N-PVC-136,กุรุส
product_N-PVC-188,โหล
product_N-PVC-199,โหล
product_N-PVC-747,โหล
product_N-TA-70G9100,โหล
product_N-TA-70G9150,โหล
product_N-TA-70G9200,โหล
product_N-TA-100G9100,โหล
product_N-TA-100G9150,โหล
product_N-TA-100G9200,โหล
product_N-TA-70G12100,โหล
product_N-TA-70G12150,โหล
product_N-TA-70G12200,โหล
product_N-TA-100G12100,โหล
product_N-TA-100G12150,โหล
product_N-TA-100G12200,โหล
product_N-TA-80GAA20100,โหล
product_N-TA-80GAA20150,โหล
product_N-TA-80GAA20200,โหล
product_N-TA-55G840,โหล
product_N-TA-55G12100,โหล
product_N-TA-55G12150,โหล
product_N-TA-55G12200,โหล
product_N-TA-55G20100,กุรุส
product_N-TA-55G20150,กุรุส
product_N-TA-55G20200,กุรุส
product_N-TA-55GA20200,กุรุส
product_N-TA-60G2070PVC,โหล
product_N-TA-60G842C,โหล
product_N-TA-60G12100C,โหล
product_N-TA-60G12100PVC,โหล
product_N-WA-2S550,โหล
product_N-WA-2S5100,โหล
product_N-WA-2S5150,โหล
product_N-WA-2S5200,โหล
product_N-WA-2D550,โหล
product_N-WA-2D5100,โหล
product_N-WA-2D5150,โหล
product_N-WA-2D5200,โหล
product_N-WA-2S850,โหล
product_N-WA-2S8100,โหล
product_N-WA-2D850,โหล
product_N-WA-2D8100,โหล
product_N-WA-3S550,โหล
product_N-WA-3S5100,โหล
product_N-WA-3S5150,โหล
product_N-WA-3S5200,โหล
product_N-WA-3D550,โหล
product_N-WA-3D5100,โหล
product_N-WA-3D5150,โหล
product_N-WA-3D5200,โหล
product_N-WA-3S850,โหล
product_N-WA-3S8100,โหล
product_N-WA-3D850,โหล
product_N-WA-3D8100,โหล
product_N-WA-4S550,โหล
product_N-WA-4S5100,โหล
product_N-WA-4S5150,โหล
product_N-WA-4S5200,โหล
product_N-WA-4D550,โหล
product_N-WA-4D5100,โหล
product_N-WA-4D5150,โหล
product_N-WA-4D5200,โหล
product_N-WA-5S550,โหล
product_N-WA-5S5100,โหล
product_N-WA-5S5150,โหล
product_N-WA-5S5200,โหล
product_N-WA-5D550,โหล
product_N-WA-5D5100,โหล
product_N-WA-5D150,โหล
product_N-WA-5D5200,โหล
product_N-WA-8D550,โหล
product_N-WA-8D5100,โหล
product_N-WA-8D5150,โหล
product_N-WA-8D5200,โหล
product_N-WA-10D550,โหล
product_N-WA-10D5100,โหล
product_N-WA-10D5150,โหล
product_N-WA-10D5200,โหล
product_N-WA-GL550,โหล
product_N-WA-GL5100,โหล
product_N-WA-GL5150,โหล
product_N-WA-GL5200,โหล
product_N-WA-GL850,โหล
product_N-WA-GL8100,โหล
product_N-GA-2S550,โหล
product_N-GA-2S5100,โหล
product_N-GA-2S5150,โหล
product_N-GA-2S5200,โหล
product_N-GA-2D550,โหล
product_N-GA-2D5100,โหล
product_N-GA-2D5150,โหล
product_N-GA-2D5200,โหล
product_N-GA-3S550,โหล
product_N-GA-3S5100,โหล
product_N-GA-3S5150,โหล
product_N-GA-3S5200,โหล
product_N-GA-3D550,โหล
product_N-GA-3D5100,โหล
product_N-GA-3D5150,โหล
product_N-GA-3D5200,โหล
product_N-GA-5S550,โหล
product_N-GA-5S5100,โหล
product_N-GA-5D550,โหล
product_N-GA-5D5100,โหล
product_N-GA-5D5150,โหล
product_N-GA-5D5200,โหล
product_N-GA-10D550,โหล
product_N-GA-10D5100,โหล
product_N-GA-10D5150,โหล
product_N-GA-10D5200,โหล
product_N-GA-12D450,เล่ม
product_N-GA-12D4100,เล่ม
product_N-GA-12D4150,เล่ม
product_N-GA-12D4200,เล่ม
product_N-GA-14D450,เล่ม
product_N-GA-14D4100,เล่ม
product_N-GA-14D4150,เล่ม
product_N-GA-16D350,เล่ม
product_N-GA-16D3100,เล่ม
product_N-GA-18D350,เล่ม
product_N-GA-18D3100,เล่ม
product_N-GA-21D350,เล่ม
product_N-GA-21D3100,เล่ม
product_N-GA-21D3150,เล่ม
product_N-GA-21D3200,เล่ม
product_N-GA-21D350A,เล่ม
product_N-GA-21D3100A,เล่ม
product_N-GA-516D350,เล่ม
product_N-GA-516D3100,เล่ม
product_N-GA-516D3150,เล่ม
product_N-GA-516D3200,เล่ม
product_N-HV-51007,โหล
product_N-HVB-51007,โหล
product_N-HV-91007,โหล
product_N-HV-91006,โหล
product_N-BV-2706,โหล
product_N-HV-201006,โหล
product_N-HV-121006,โหล
product_N-HVDW-A51007,โหล
product_N-HVC-55G4100,โหล
product_N-HVC-55G5100,โหล
product_N-HVT-80G4100,โหล
product_N-HVT-80G4150,โหล
product_N-HVT-80G4200,โหล
product_N-HVT-100G4100,โหล
product_N-HVT-100G4150,โหล
product_N-HVT-100G4200,โหล
product_N-HVT-HVB51007,โหล
product_N-HVT-70G5100A,โหล
product_N-HVT-70G5150,โหล
product_N-HVT-70G5200,โหล
product_N-HVT-100G550,โหล
product_N-HVT-100G5100,โหล
product_N-HVT-100G5150,โหล
product_N-HVT-100G5200,โหล
product_N-HVT-70G8100,โหล
product_N-HVT-100G8100,โหล
product_N-HVS-100G5100,โหล
product_N-HVS-100G5150,โหล
product_N-HVS-100G5200,โหล
product_N-HVS-100G8100,โหล
product_N-HVS-100G8150,โหล
product_N-HVS-100G8200,โหล
product_N-HVS-100G9100,โหล
product_N-HVS-100G9150,โหล
product_N-HVS-100G9200,โหล
product_N-HVS-100G18100,โหล
product_N-TD-930,กุรุส
product_N-TD-936,กุรุส
product_N-TD-940,กุรุส
product_N-TD-970,โหล
product_N-TD-9100,โหล
product_N-BL-260,โหล
product_N-BL-270,โหล
product_N-BL-280,โหล
product_N-BL-2260,โหล
product_N-BL-250C,โหล
product_N-BL-260C,โหล
product_N-BL-270PVC,โหล
product_N-BL-452C,โหล
product_N-BL-480,โหล
product_N-BL-4260,โหล
product_N-PPT-9306,โหล
product_N-PPT-8307,โหล
product_N-PPW-OF-8507-1,โหล
product_N-PPW-8607,โหล
product_N-PPB-8607,โหล
product_N-PPN-16607,โหล
product_N-PPW-A51007,โหล
product_N-PPW-OF-A5807-1,โหล
product_N-PPB-A5607,โหล
product_N-PVC-A58080,โหล
product_N-PPBD-A5607,โหล
product_N-PPW-A6407,โหล
product_N-PPW-OF-A6807-1,โหล
product_N-PPW-A7607,โหล
product_N-PPT-32307,โหล
product_N-F920,กุรุส
product_N-F940,กุรุส
product_N-F950,โหล
product_N-F960,โหล
product_N-F980,โหล
product_N-F9100,โหล
product_N-EF5,กุรุส
product_N-EF5_notuse,กุรุส
product_N-EF10,โหล
product_N-EF20,โหล
product_N-AF5,กุรุส
product_N-AF5_notuse,กุรุส
product_N-AF10,โหล
product_N-F8306,โหล
product_N-F8307,โหล
product_N-FA6306,กุรุส
product_N-FA7306,กุรุส
product_N-AF10PB,โหล
product_N-NV-9407,โหล
product_N-NV-8307,โหล
product_N-PBF-8407,โหล
product_N-GNB-B5406,โหล
product_N-GNB-B5307,โหล
product_N-GNB-B5407,โหล
product_N-NV-M-8607,โหล
product_N-NV-M-A5407,โหล
product_N-NV2506C,โหล
product_N-NV2506CC,โหล
product_N-DWF8407,โหล
product_N-D-810VE,กุรุส
product_N-D-410VE,กุรุส
product_N-D810,กุรุส
product_N-D410,กุรุส
product_N-DV-410150,กุรุส
product_N-D-614,โหล
product_N-D-640,โหล
product_N-PN-S940,เล่ม
product_N-PN-S980,เล่ม
product_N-PN-H940,เล่ม
product_N-PN-H980,เล่ม
product_N-PN-G940,เล่ม
product_N-PN-G980,เล่ม
product_N-PN-5L940,เล่ม
product_N-PN-5L980,เล่ม
product_N-PN-HW930,กุรุส
product_N-SPT-S940,เล่ม
product_N-SPT-S980,เล่ม
product_N-SPT-H940,เล่ม
product_N-SPT-H980,เล่ม
product_N-SPT-G940,เล่ม
product_N-SPT-G980,เล่ม
product_N-SPT-5L940,เล่ม
product_N-SPT-5L980,เล่ม
product_N-SPT-S60G940,เล่ม
product_N-SPT-S60G980,เล่ม
product_N-SPT-H60G940,เล่ม
product_N-SPT-H60G980,เล่ม
product_N-SPT-G60G940,เล่ม
product_N-SPT-G60G980,เล่ม
product_N-SPT-5L60G940,เล่ม
product_N-SPT-5L60G980,เล่ม
product_N-MIS-VE924,กุรุส
product_N-MIS-UNI980,กุรุส
product_N-MIS-NO940,กุรุส
product_N-MIS-DW930,กุรุส
product_N-MIS-DW1830,กุรุส
product_N-MIS-MV810100,กุรุส
product_N-MIS-NO333,กุรุส
product_N-MIS-GB01,โหล
product_N-MIS-CTM1120,กุรุส
product_N-MIS-CTB1120,กุรุส
product_N-MIS-CTM01,โหล
product_N-MIS-CTB02,โหล
product_N-MIS-PEON1850,โหล
product_N-MIS-PEON18100,โหล
product_N-MIS-TANO1,เล่ม
product_N-MIS-TANO2,เล่ม
product_N-MIS-TAA440,เล่ม
product_N-MIS-GLA440,เล่ม
product_MSA,โหล
product_MSB-NO900,โหล
product_MSB-NO901,โหล
product_MSB-NO902,โหล
product_MSB-NO903,โหล
product_MSB-NO904,โหล
product_MSB-NO905,โหล
product_MSB-NO906,โหล
product_MSB-NO907,โหล
product_MSB-NO908,โหล
product_MSB-NO909,โหล
product_MSB-NO910,โหล
product_MSB-001,โหล
product_MSB-002,โหล
product_MSB-003,โหล
product_MSB-004,โหล
product_MSB-005,โหล
product_MSC-BL,ด้าม
product_MSC-RD,ด้าม
product_MSD,ด้าม
product_MSE,แท่ง
product_MSF,อัน
product_MSG,อัน
product_MSH,อัน
product_MSI-001,โหล
product_MSI-002,โหล
product_MSI-003,โหล
product_MSI-004,โหล
product_MSI-005,โหล
product_MSI-006,โหล
product_MSI-007,โหล
product_MSI-008,โหล
product_MSI-009,โหล
product_MSI-010,โหล
product_MSI-011,โหล
product_MSI-012,โหล
product_MSJ-NO2,เล่ม
product_MSJ-NO3,เล่ม
product_MSK-001,เล่ม
product_MSK-002,เล่ม
product_MSK-003,เล่ม
product_MSK-004,เล่ม
product_MSK-005,เล่ม
product_MSK-006,เล่ม
product_MSK-007,เล่ม
product_MSL-001,เล่ม
product_MSL-002,เล่ม
product_MSL-003,เล่ม
product_MSL-004,เล่ม
product_MSL-005,เล่ม
product_MSL-006,เล่ม
product_MSL-007,เล่ม
product_MSL-008,เล่ม
product_1184820,หีบ/6/12
product_1184977,หีบ/12/24
product_1184978,หีบ/12/24
product_1184979,หีบ/3/12
product_1184980,หีบ/10/24
product_1185085,หีบ/100/24
product_1185096,หีบ/100/24
product_1207523,หีบ/3/12
product_1918591,หีบ/24
product_2800528,หีบ/48
product_2800529,หีบ/24
product_1911581,หีบ/24
product_1911582,หีบ/24
product_1802555,หีบ/6
product_268335,หีบ/6/12
product_1908007,หีบ/12
product_1908008,หีบ/12
product_1802560,หีบ/12
product_1802561,หีบ/12
product_261442,หีบ/6/6
product_268309,หีบ/10/12
product_268691,หีบ/12/12
product_268693,หีบ/6/12
product_1643087,หีบ/24
product_2012644,หีบ/12
product_2012645,หีบ/12
product_2011923,หีบ/3/3
product_1534566,หีบ/12
product_2321224,หีบ/12
product_2241339,หีบ/12
product_1451543,หีบ/12
product_708067,หีบ/12
product_1300369,หีบ/12
product_1451547,หีบ/12
product_1451548,หีบ/12
product_1164684,หีบ/12
product_1451544,หีบ/12
product_846309,หีบ/12
product_1802343,หีบ/12
product_1244402,หีบ/12
product_2525970,หีบ/12
product_2525972,หีบ/12
product_2525974,หีบ/12
product_2249447,หีบ/12
product_1726869,หีบ/12
product_2249452,หีบ/12
product_2800087,หีบ/24
product_2800530,หีบ/24
product_2800531,หีบ/24
product_2800532,หีบ/24
product_2800533,หีบ/24
product_2800534,หีบ/24
product_2800535,หีบ/24
product_2800537,หีบ/24
product_2800538,หีบ/24
product_2800539,หีบ/24
product_2800540,หีบ/12
product_2800541,หีบ/24
product_2800542,หีบ/24
product_2800543,หีบ/24
product_2800544,หีบ/12
product_2800545,หีบ/12
product_2800546,หีบ/24
product_2800547,หีบ/12
product_2800548,หีบ/12
product_2800549,หีบ/12
product_1993315,หีบ/6/6
product_2800551,หีบ/24
product_2800552,หีบ/6/6
product_1908011,หีบ/12
product_1127130,หีบ/24
product_1127175,หีบ/3/8
product_1127131,หีบ/24
product_1127176,หีบ/6/4
product_3184434,หีบ/12
product_3168609,หีบ/12
product_3168615,หีบ/12
product_2526054,หีบ/12
product_2767605,หีบ/12/12
product_1245065,หีบ/24
product_1534561,หีบ/12
product_1534565,หีบ/12
product_2188812,หีบ/12
product_1868860,หีบ/12
product_1801611,หีบ/100/12
product_1534821,หีบ/20
product_2186434,หีบ/20
product_2186436,หีบ/20
product_1812974,หีบ/24
product_2800629,หีบ/12
product_2800630,หีบ/12
product_2800631,หีบ/12
product_2800632,หีบ/12
product_2800633,หีบ/12
product_2800635,หีบ/12
product_2800636,หีบ/12
product_2800637,หีบ/12
product_2800638,หีบ/12
product_2800639,หีบ/12
product_2800640,หีบ/12
product_2800641,หีบ/12
product_2800642,หีบ/12
product_2800643,หีบ/12
product_2800644,หีบ/12
product_2800645,หีบ/12
product_2800646,หีบ/12
product_2800647,หีบ/12
product_2800649,หีบ/12
product_2800650,หีบ/12
product_2800453,หีบ/12
product_2800454,หีบ/12
product_2800456,หีบ/24
product_2800457,หีบ/12
product_2800458,หีบ/12
product_2800465,หีบ/12
product_2800459,หีบ/12
product_2800460,หีบ/12
product_2800461,หีบ/12
product_2800462,หีบ/12
product_2800463,หีบ/12
product_2800464,หีบ/12
product_2800467,หีบ/12
product_2800468,หีบ/12
product_2800470,หีบ/12
product_2800471,หีบ/12
product_2800473,หีบ/12
product_2800474,หีบ/12
product_2800679,หีบ/12
product_2800680,หีบ/12
product_2800681,หีบ/12
product_2800683,หีบ/12
product_2800684,หีบ/12
product_2800685,หีบ/12
product_2800686,หีบ/12
product_2800687,หีบ/12
product_2800688,หีบ/12
product_2800689,หีบ/12
product_2800690,หีบ/12
product_2800691,หีบ/12
product_2800692,หีบ/12
product_2800693,หีบ/12
product_2800694,หีบ/12
product_2800695,หีบ/12
product_2800697,หีบ/12
product_2800698,หีบ/12
product_2800699,หีบ/12
product_2800700,หีบ/12
product_2800750,หีบ/12
product_2800751,หีบ/12
product_2800752,หีบ/12
product_2800753,หีบ/12
product_2800754,หีบ/12
product_2800755,หีบ/12
product_2800756,หีบ/12
product_2800757,หีบ/12
product_2800709,หีบ/12
product_2800708,หีบ/12
product_2800707,หีบ/12
product_2800706,หีบ/12
product_2800705,หีบ/12
product_2800704,หีบ/12
product_2800703,หีบ/12
product_2800728,หีบ/12
product_2800727,หีบ/12
product_2800726,หีบ/12
product_2800723,หีบ/12
product_2800722,หีบ/12
product_2800721,หีบ/12
product_2800720,หีบ/12
product_2800719,หีบ/12
product_2800718,หีบ/12
product_2249631,หีบ/12
product_2249632,หีบ/12
product_2249633,หีบ/12
product_2249634,หีบ/12
product_2249638,หีบ/12
product_2249639,หีบ/12
product_2249640,หีบ/12
product_2249641,หีบ/12
product_2249642,หีบ/12
product_2249647,หีบ/12
product_2249710,หีบ/12
product_2249714,หีบ/12
product_2249715,หีบ/12
product_2249717,หีบ/12
product_2249719,หีบ/12
product_2249722,หีบ/12
product_2249726,หีบ/12
product_2800717,หีบ/12
product_2800716,หีบ/12
product_2800714,หีบ/12
product_2800713,หีบ/12
product_2800712,หีบ/12
product_2800711,หีบ/12
product_2800710,หีบ/12
product_2089501,หีบ/8
product_2647485,หีบ/8
product_2089502,หีบ/15
product_1917266,หีบ/10
product_3146342,หีบ/10
product_3146336,หีบ/30
