id,name,inventory_line_id/location_id,inventory_line_id/product_id/id,inventory_line_id/product_qty,inventory_line_id/product_uom/id
stock_rawmat_mahachai_8Sep14,นับสต๊อกวัตถุดิบมหาชัย วันที่ 8 Feb 14,วัตถุดิบ มหาชัย,product_rawmat_mahachai_169,0,__export__.product_uom_113
,,วัตถุดิบ มหาชัย,product_rawmat_mahachai_165,0,__export__.product_uom_113
,,วัตถุดิบ มหาชัย,product_rawmat_mahachai_164,0,__export__.product_uom_113
,,วัตถุดิบ มหาชัย,rawmat_แป้งพ่น,0,product.uom_ถุง
,,วัตถุดิบ มหาชัย,rawmat_I-ดำ-TOYO,0,product.uom_กระป๋อง
,,วัตถุดิบ มหาชัย,product_rawmat_mahachai_144,0,product.uom_กระป๋อง
,,วัตถุดิบ มหาชัย,rawmat_I-ฟ้า-TOYO,0,product.uom_กระป๋อง
,,วัตถุดิบ มหาชัย,rawmat_I-แดง-TOYO,0,product.uom_กระป๋อง
,,วัตถุดิบ มหาชัย,product_rawmat_mahachai_146,0,product.uom_กระป๋อง
,,วัตถุดิบ มหาชัย,__export__.product_product_7571,0,product.uom_กระป๋อง
,,วัตถุดิบ มหาชัย,rawmat_I-เขียว-SCREEN,0,product.uom_กระป๋อง
,,วัตถุดิบ มหาชัย,rawmat_I-ขาวเงา-SCREEN,0,product.uom_กระป๋อง
,,วัตถุดิบ มหาชัย,product_rawmat_mahachai_145,0,product.uom_กระป๋อง
,,วัตถุดิบ มหาชัย,rawmat_I-แดงทอง-SCREEN,0,product.uom_กระป๋อง
,,วัตถุดิบ มหาชัย,rawmat_I-น้ำเงิน-SCREEN,0,product.uom_กระป๋อง
,,วัตถุดิบ มหาชัย,rawmat_I-มีเดียม-SCREEN,0,product.uom_กระป๋อง
,,วัตถุดิบ มหาชัย,rawmat_วิคตอเรีย,0,product.uom_ขวด
,,วัตถุดิบ มหาชัย,rawmat_น้ำยาไดเออร์,0,product.uom_ขวด
,,วัตถุดิบ มหาชัย,rawmat_น้ำยาฟาวแท่น สกรีนซัพพลาย,0,product.uom_กระป๋อง
,,วัตถุดิบ มหาชัย,product_rawmat_mahachai_163,0,__export__.product_uom_113
,,วัตถุดิบ มหาชัย,rawmat_สเปรย์ชิลิโคน,0,product.uom_กระป๋อง
,,วัตถุดิบ มหาชัย,product_rawmat_mahachai_160,0,product.uom_ถัง
,,วัตถุดิบ มหาชัย,product_rawmat_mahachai_158,0,product.uom_ถัง
,,วัตถุดิบ มหาชัย,product_rawmat_mahachai_157,0,product.uom_ถัง
,,วัตถุดิบ มหาชัย,product_rawmat_mahachai_159,0,product.uom_ถัง
,,วัตถุดิบ มหาชัย,rawmat_น้ำมันผสมหมึก สกรีนซัพพลาย,0,product.uom_กระป๋อง
,,วัตถุดิบ มหาชัย,rawmat_น้ำยาล้างเพลท สกรีนซัพพลาย,0,product.uom_กระป๋อง
,,วัตถุดิบ มหาชัย,rawmat_น้ำยาเช็ดเพลท สกรีนซัพพลาย,0,product.uom_กระป๋อง
,,วัตถุดิบ มหาชัย,product_rawmat_mahachai_162,0,__export__.product_uom_113
,,วัตถุดิบ มหาชัย,product_rawmat_mahachai_167,0,__export__.product_uom_113
,,วัตถุดิบ มหาชัย,rawmat_น้ำยาล้างคอนแทค,0,product.uom_กระป๋อง
,,วัตถุดิบ มหาชัย,rawmat_น้ำยาเช็ดผ้ายาง สกรีนซัพพลาย,0,product.uom_กระป๋อง
,,วัตถุดิบ มหาชัย,product_rawmat_mahachai_161,0,__export__.product_uom_113
,,วัตถุดิบ มหาชัย,product_rawmat_mahachai_166,0,__export__.product_uom_113
,,วัตถุดิบ มหาชัย,product_rawmat_mahachai_191,0,product.uom_กระป๋อง
,,วัตถุดิบ มหาชัย,product_rawmat_mahachai_184,0,product.uom_กระป๋อง
,,วัตถุดิบ มหาชัย,product_rawmat_mahachai_188,0,product.uom_กระป๋อง
,,วัตถุดิบ มหาชัย,product_rawmat_mahachai_177,0,product.uom_กระป๋อง
,,วัตถุดิบ มหาชัย,product_rawmat_mahachai_194,0,product.uom_กระป๋อง
,,วัตถุดิบ มหาชัย,product_rawmat_mahachai_190,0,product.uom_กระป๋อง
,,วัตถุดิบ มหาชัย,product_rawmat_mahachai_183,0,product.uom_กระป๋อง
,,วัตถุดิบ มหาชัย,product_rawmat_mahachai_193,0,product.uom_กระป๋อง
,,วัตถุดิบ มหาชัย,product_rawmat_mahachai_189,0,product.uom_กระป๋อง
,,วัตถุดิบ มหาชัย,product_rawmat_mahachai_185,0,product.uom_กระป๋อง
,,วัตถุดิบ มหาชัย,product_rawmat_mahachai_187,0,product.uom_กระป๋อง
,,วัตถุดิบ มหาชัย,rawmat_กาวลาเท็กซ์   พี 100,0,product.uom_ถัง
,,วัตถุดิบ มหาชัย,rawmat_WF-100-24*35-AA,0,product.uom_รีม
,,วัตถุดิบ มหาชัย,rawmat_WF-100-24*35-SCG,0,product.uom_รีม
,,วัตถุดิบ มหาชัย,rawmat_WF-100-24_5*39-SCG,0,product.uom_รีม
,,วัตถุดิบ มหาชัย,rawmat_WF-100-26*33-SCG,0,product.uom_รีม
,,วัตถุดิบ มหาชัย,rawmat_WF-100-27*34-SCG,0,product.uom_รีม
,,วัตถุดิบ มหาชัย,rawmat_WF-100-28*40-INDO,0,product.uom_รีม
,,วัตถุดิบ มหาชัย,rawmat_WF-100-28*40-SCG,0,product.uom_รีม
,,วัตถุดิบ มหาชัย,product_rawmat_mahachai_39,0,__export__.product_uom_114
,,วัตถุดิบ มหาชัย,rawmat_WF-100-31*43-SCG,0,product.uom_รีม
,,วัตถุดิบ มหาชัย,product_rawmat_mahachai_40,0,__export__.product_uom_114
,,วัตถุดิบ มหาชัย,rawmat_DW-NO_10-ดำ-C_A_S_,0,product.uom_กล่อง
,,วัตถุดิบ มหาชัย,rawmat_DW-NO_10-ขาว-C_A_S_,0,product.uom_กล่อง
,,วัตถุดิบ มหาชัย,rawmat_DW-NO_10-เงิน-C_A_S_,0,product.uom_กล่อง
,,วัตถุดิบ มหาชัย,rawmat_ST-106*70-C_A_S_,0,product.uom_แผ่น
,,วัตถุดิบ มหาชัย,rawmat_GB-10A-27*31-RT,0,product.uom_รีม
,,วัตถุดิบ มหาชัย,rawmat_GB-10B-27*31-KPB,0,product.uom_รีม
,,วัตถุดิบ มหาชัย,rawmat_GC-110-19*34-SCG,0,product.uom_รีม
,,วัตถุดิบ มหาชัย,product_rawmat_mahachai_106,0,product.uom_รีม
,,วัตถุดิบ มหาชัย,product_rawmat_mahachai_102,0,product.uom_รีม
,,วัตถุดิบ มหาชัย,product_rawmat_mahachai_104,0,product.uom_รีม
,,วัตถุดิบ มหาชัย,product_rawmat_mahachai_103,0,product.uom_รีม
,,วัตถุดิบ มหาชัย,product_rawmat_mahachai_105,0,product.uom_รีม
,,วัตถุดิบ มหาชัย,product_rawmat_mahachai_107,0,product.uom_รีม
,,วัตถุดิบ มหาชัย,product_rawmat_mahachai_108,0,product.uom_รีม
,,วัตถุดิบ มหาชัย,rawmat_CWF-110-27_5*39-ฟ้า-INDO,0,product.uom_รีม
,,วัตถุดิบ มหาชัย,product_rawmat_mahachai_113,0,product.uom_รีม
,,วัตถุดิบ มหาชัย,product_rawmat_mahachai_115,0,product.uom_รีม
,,วัตถุดิบ มหาชัย,rawmat_CWF-110-27_5*39-เขียว-INDO,0,product.uom_รีม
,,วัตถุดิบ มหาชัย,rawmat_CWF-110-27_5*39-เหลือง-INDO,0,product.uom_รีม
,,วัตถุดิบ มหาชัย,__export__.product_product_7569,0,product.uom_รีม
,,วัตถุดิบ มหาชัย,product_rawmat_mahachai_125,0,product.uom_รีม
,,วัตถุดิบ มหาชัย,rawmat_CWF-110-31*43-ชมพู-INDO,0,product.uom_รีม
,,วัตถุดิบ มหาชัย,product_rawmat_mahachai_122,0,product.uom_รีม
,,วัตถุดิบ มหาชัย,rawmat_CWF-110-31*43-เหลือง-INDO,0,product.uom_รีม
,,วัตถุดิบ มหาชัย,rawmat_GC-110-31*43-SCG,0,product.uom_รีม
,,วัตถุดิบ มหาชัย,rawmat_CWF-110-31*43-ฟ้า-SCG,0,product.uom_รีม
,,วัตถุดิบ มหาชัย,rawmat_CWF-110-31*43-ส้ม-SCG,0,product.uom_รีม
,,วัตถุดิบ มหาชัย,rawmat_CWF-110-31*43-ครีม-SCG,0,product.uom_รีม
,,วัตถุดิบ มหาชัย,rawmat_CWF-110-31*43-ม่วง-SCG,0,product.uom_รีม
,,วัตถุดิบ มหาชัย,rawmat_GC-110-34*40_5-SCG,0,product.uom_รีม
,,วัตถุดิบ มหาชัย,product_rawmat_mahachai_139,0,product.uom_รีม
,,วัตถุดิบ มหาชัย,rawmat_CR-110-35*47-KT,0,product.uom_รีม
,,วัตถุดิบ มหาชัย,product_rawmat_mahachai_121,0,product.uom_รีม
,,วัตถุดิบ มหาชัย,product_rawmat_mahachai_119,0,product.uom_รีม
,,วัตถุดิบ มหาชัย,product_rawmat_mahachai_118,0,product.uom_รีม
,,วัตถุดิบ มหาชัย,product_rawmat_mahachai_120,0,product.uom_รีม
,,วัตถุดิบ มหาชัย,product_rawmat_mahachai_186,0,product.uom_กระป๋อง
,,วัตถุดิบ มหาชัย,product_rawmat_mahachai_181,0,product.uom_กระป๋อง
,,วัตถุดิบ มหาชัย,rawmat_เขียงรองตัด 115 36/ก_ก_ โพลา,0,product.uom_อัน
,,วัตถุดิบ มหาชัย,product_rawmat_mahachai_140,0,product.uom_รีม
,,วัตถุดิบ มหาชัย,rawmat_WF-120-24*35-SCG,0,product.uom_รีม
,,วัตถุดิบ มหาชัย,rawmat_GAP-128-31*43-Japan sinardg,0,product.uom_รีม
,,วัตถุดิบ มหาชัย,__export__.product_product_7495,0,product.uom_รีม
,,วัตถุดิบ มหาชัย,rawmat_CWF-120-25_5*35_5-ขาว-INDO,0,product.uom_รีม
,,วัตถุดิบ มหาชัย,product_rawmat_mahachai_98,0,product.uom_รีม
,,วัตถุดิบ มหาชัย,rawmat_DP-120-31*43-SS,0,product.uom_รีม
,,วัตถุดิบ มหาชัย,rawmat_WF-120-31*43-SCG,0,product.uom_รีม
,,วัตถุดิบ มหาชัย,rawmat_CWF-120-31*43-ขาว-SCG,0,product.uom_รีม
,,วัตถุดิบ มหาชัย,rawmat_CWF-120-31*43-ชมพู-SCG,0,product.uom_รีม
,,วัตถุดิบ มหาชัย,rawmat_EP-120-34*41-เทา,0,product.uom_รีม
,,วัตถุดิบ มหาชัย,rawmat_EP-120-34*41-ครีม,0,product.uom_รีม
,,วัตถุดิบ มหาชัย,rawmat_EP-120-34*41-ชมพู,0,product.uom_รีม
,,วัตถุดิบ มหาชัย,product_rawmat_mahachai_141,0,product.uom_รีม
,,วัตถุดิบ มหาชัย,rawmat_1SAC-210-31*31_5-C_A_S_,0,product.uom_รีม
,,วัตถุดิบ มหาชัย,rawmat_1SAC-210-31*43-C_A_S_,0,product.uom_รีม
,,วัตถุดิบ มหาชัย,rawmat_1SAC-230-25*36-C_A_S_,0,product.uom_รีม
,,วัตถุดิบ มหาชัย,rawmat_1SAC-350-31*43-C_A_S_,0,product.uom_รีม
,,วัตถุดิบ มหาชัย,rawmat_DW-NO_12-ดำ-C_A_S_,0,product.uom_กล่อง
,,วัตถุดิบ มหาชัย,rawmat_DW-NO_12-ขาว-C_A_S_,0,product.uom_กล่อง
,,วัตถุดิบ มหาชัย,rawmat_GAP-128-31*35-C_A_S_,0,product.uom_รีม
,,วัตถุดิบ มหาชัย,rawmat_GAP-128-31*43-C_A_S_,0,product.uom_รีม
,,วัตถุดิบ มหาชัย,rawmat_GB-12A-27*31-RT,0,product.uom_รีม
,,วัตถุดิบ มหาชัย,rawmat_GB-12A-33_5*46_5-BU,0,product.uom_รีม
,,วัตถุดิบ มหาชัย,rawmat_GB-12A-41*20_5-BU,0,product.uom_รีม
,,วัตถุดิบ มหาชัย,rawmat_GB-12B-24*34-KPB,0,product.uom_รีม
,,วัตถุดิบ มหาชัย,rawmat_GB-12B-27*31-KPB,0,product.uom_รีม
,,วัตถุดิบ มหาชัย,rawmat_GAP-130-25*36-SCG,0,product.uom_รีม
,,วัตถุดิบ มหาชัย,rawmat_GAP-130-31*43-SCG,0,product.uom_รีม
,,วัตถุดิบ มหาชัย,rawmat_1SAC-350-31*43-NB,0,product.uom_รีม
,,วัตถุดิบ มหาชัย,rawmat_GAC-135-27_5*39-ขาวมุก-HK,0,product.uom_รีม
,,วัตถุดิบ มหาชัย,rawmat_1SAC-400-25*36-BL,0,product.uom_รีม
,,วัตถุดิบ มหาชัย,rawmat_DW-NO_14-ดำ-C_A_S_,0,product.uom_กล่อง
,,วัตถุดิบ มหาชัย,product_rawmat_mahachai_171,0,product.uom_กระป๋อง
,,วัตถุดิบ มหาชัย,product_rawmat_mahachai_112,0,product.uom_รีม
,,วัตถุดิบ มหาชัย,product_rawmat_mahachai_110,0,product.uom_รีม
,,วัตถุดิบ มหาชัย,product_rawmat_mahachai_109,0,product.uom_รีม
,,วัตถุดิบ มหาชัย,product_rawmat_mahachai_111,0,product.uom_รีม
,,วัตถุดิบ มหาชัย,rawmat_CWF-150-25*35_5-ขาว-SCG,0,product.uom_รีม
,,วัตถุดิบ มหาชัย,__export__.product_product_7588,0,product.uom_รีม
,,วัตถุดิบ มหาชัย,rawmat_DP-150-31*43-SS,0,product.uom_รีม
,,วัตถุดิบ มหาชัย,product_rawmat_mahachai_129,0,product.uom_รีม
,,วัตถุดิบ มหาชัย,product_rawmat_mahachai_127,0,product.uom_รีม
,,วัตถุดิบ มหาชัย,product_rawmat_mahachai_126,0,product.uom_รีม
,,วัตถุดิบ มหาชัย,__export__.product_product_7594,0,product.uom_รีม
,,วัตถุดิบ มหาชัย,rawmat_CWF-150-31*43-ฟ้า-SCG,0,product.uom_รีม
,,วัตถุดิบ มหาชัย,rawmat_CWF-150-31*43-ชมพู-SCG,0,product.uom_รีม
,,วัตถุดิบ มหาชัย,__export__.product_product_7593,0,product.uom_รีม
,,วัตถุดิบ มหาชัย,rawmat_CWF-150-31*43-เหลือง-SCG,0,product.uom_รีม
,,วัตถุดิบ มหาชัย,rawmat_HOLO-KP42-15_5*2000,0,product.uom_ม้วน
,,วัตถุดิบ มหาชัย,rawmat_GAP-160-25*36-SCG,0,product.uom_รีม
,,วัตถุดิบ มหาชัย,rawmat_GAP-160-31*43-C_A_S_,0,product.uom_รีม
,,วัตถุดิบ มหาชัย,rawmat_GB-16A-25*34-BU,0,product.uom_รีม
,,วัตถุดิบ มหาชัย,rawmat_GB-16A-27*31-RT,0,product.uom_รีม
,,วัตถุดิบ มหาชัย,rawmat_GB-16B-21*31-KPB,0,product.uom_รีม
,,วัตถุดิบ มหาชัย,rawmat_GB-16B-22_5*31-KPB,0,product.uom_รีม
,,วัตถุดิบ มหาชัย,rawmat_GB-16B-24*34-KPB,0,product.uom_รีม
,,วัตถุดิบ มหาชัย,rawmat_GB-16B-24*35-KPB,0,product.uom_รีม
,,วัตถุดิบ มหาชัย,rawmat_GB-16B-26_5*32_5-KPB,0,product.uom_รีม
,,วัตถุดิบ มหาชัย,rawmat_GB-16B-27*31-KPB,0,product.uom_รีม
,,วัตถุดิบ มหาชัย,rawmat_GB-16B-31*43-KPB,0,product.uom_รีม
,,วัตถุดิบ มหาชัย,rawmat_GB-16B-31_5*34-KPB,0,product.uom_รีม
,,วัตถุดิบ มหาชัย,product_rawmat_mahachai_150,0,product.uom_ถัง
,,วัตถุดิบ มหาชัย,rawmat_DW-NO_1-ดำ-C_A_S_,0,product.uom_กล่อง
,,วัตถุดิบ มหาชัย,rawmat_DW-NO_1-ขาว-C_A_S_,0,product.uom_กล่อง
,,วัตถุดิบ มหาชัย,rawmat_CWF-180-25*35_5-ขาว-SCG,0,product.uom_รีม
,,วัตถุดิบ มหาชัย,rawmat_CWF-180-25*35_5-ฟ้า-SCG,0,product.uom_รีม
,,วัตถุดิบ มหาชัย,rawmat_CWF-180-25*35_5-ชมพู-SCG,0,product.uom_รีม
,,วัตถุดิบ มหาชัย,rawmat_CWF-180-25*35_5-เขียว-SCG,0,product.uom_รีม
,,วัตถุดิบ มหาชัย,rawmat_CWF-180-25*35_5-เหลือง-SCG,0,product.uom_รีม
,,วัตถุดิบ มหาชัย,rawmat_CWF-180-31*43-ขาวเยอรมัน,0,product.uom_รีม
,,วัตถุดิบ มหาชัย,rawmat_CWF-180-31*43-ฟ้า-SCG,0,product.uom_รีม
,,วัตถุดิบ มหาชัย,rawmat_CWF-180-31*43-ชมพู-SCG,0,product.uom_รีม
,,วัตถุดิบ มหาชัย,rawmat_CWF-180-31*43-เขียว-SCG,0,product.uom_รีม
,,วัตถุดิบ มหาชัย,rawmat_CWF-180-31*43-เหลือง-SCG,0,product.uom_รีม
,,วัตถุดิบ มหาชัย,rawmat_คอมเปาว์(2ปอนด์),0,product.uom_ถัง
,,วัตถุดิบ มหาชัย,product_rawmat_mahachai_151,0,product.uom_ถัง
,,วัตถุดิบ มหาชัย,product_rawmat_mahachai_176,0,product.uom_กระป๋อง
,,วัตถุดิบ มหาชัย,rawmat_GB-20A-25-34-BU,0,product.uom_รีม
,,วัตถุดิบ มหาชัย,rawmat_GB-20A-27*31-RT,0,product.uom_รีม
,,วัตถุดิบ มหาชัย,rawmat_GB-20B-26_5*32_5-KPB,0,product.uom_รีม
,,วัตถุดิบ มหาชัย,product_rawmat_mahachai_137,0,product.uom_รีม
,,วัตถุดิบ มหาชัย,rawmat_GB-20B-27*31-KPB,0,product.uom_รีม
,,วัตถุดิบ มหาชัย,rawmat_GB-20B-30*32-KPB,0,product.uom_รีม
,,วัตถุดิบ มหาชัย,product_rawmat_mahachai_152,0,product.uom_ถัง
,,วัตถุดิบ มหาชัย,__export__.product_product_7567,0,product.uom_รีม
,,วัตถุดิบ มหาชัย,product_rawmat_mahachai_93,0,product.uom_รีม
,,วัตถุดิบ มหาชัย,__export__.product_product_7565,0,product.uom_รีม
,,วัตถุดิบ มหาชัย,rawmat_WB-210-27_5*39-INDO,0,product.uom_รีม
,,วัตถุดิบ มหาชัย,rawmat_CWF-210-31*43-ส้ม-KT,0,product.uom_รีม
,,วัตถุดิบ มหาชัย,product_rawmat_mahachai_94,0,product.uom_รีม
,,วัตถุดิบ มหาชัย,__export__.product_product_7583,0,product.uom_รีม
,,วัตถุดิบ มหาชัย,rawmat_CWF-210-31*43-ขาว-SCG,0,product.uom_รีม
,,วัตถุดิบ มหาชัย,rawmat_CWF-210-31*43-ฟ้า-SCG,0,product.uom_รีม
,,วัตถุดิบ มหาชัย,rawmat_CWF-210-31*43-ชมพู-SCG,0,product.uom_รีม
,,วัตถุดิบ มหาชัย,rawmat_CWF-210-31*43-เขียว-SCG,0,product.uom_รีม
,,วัตถุดิบ มหาชัย,rawmat_CWF-210-31*43-เหลือง-SCG,0,product.uom_รีม
,,วัตถุดิบ มหาชัย,rawmat_2SAC-190-25*36-SCG,0,product.uom_รีม
,,วัตถุดิบ มหาชัย,rawmat_2SAC-210-25*36-SCG,0,product.uom_รีม
,,วัตถุดิบ มหาชัย,product_rawmat_mahachai_142,0,product.uom_รีม
,,วัตถุดิบ มหาชัย,rawmat_2SAC-210-31*43-SCG,0,product.uom_รีม
,,วัตถุดิบ มหาชัย,rawmat_GAC-250-24_8*34_64-ขาว2หน้า-HK,0,product.uom_รีม
,,วัตถุดิบ มหาชัย,rawmat_GAC-250-27_5*39-ขาว2หน้า-HK,0,product.uom_รีม
,,วัตถุดิบ มหาชัย,rawmat_2SAC-260-25*36-SCG,0,product.uom_รีม
,,วัตถุดิบ มหาชัย,rawmat_2SAC-260-31*43-C_A_S_,0,product.uom_รีม
,,วัตถุดิบ มหาชัย,rawmat_MAC-300-31*43-PPL,0,product.uom_รีม
,,วัตถุดิบ มหาชัย,rawmat_CWF-230-24*35-ขาวเยอรมัน ,0,product.uom_รีม
,,วัตถุดิบ มหาชัย,rawmat_CWF-230-31*43-ฟ้า-KT,0,product.uom_รีม
,,วัตถุดิบ มหาชัย,rawmat_CWF-230-31*43-ชมพู-KT,0,product.uom_รีม
,,วัตถุดิบ มหาชัย,product_rawmat_mahachai_97,0,product.uom_รีม
,,วัตถุดิบ มหาชัย,rawmat_2SAC-310-25*36-C_A_S,0,product.uom_รีม
,,วัตถุดิบ มหาชัย,rawmat_2SAC-310-31*43-MU,0,product.uom_รีม
,,วัตถุดิบ มหาชัย,rawmat_2SAC-350-25*36-C_A_S_,0,product.uom_รีม
,,วัตถุดิบ มหาชัย,product_rawmat_mahachai_153,0,product.uom_ถัง
,,วัตถุดิบ มหาชัย,rawmat_CWF-240-31*43-ขาว-SCG,0,product.uom_รีม
,,วัตถุดิบ มหาชัย,rawmat_CWF-240-31*43-ฟ้า-SCG,0,product.uom_รีม
,,วัตถุดิบ มหาชัย,rawmat_CWF-240-31*43-ชมพู-SCG,0,product.uom_รีม
,,วัตถุดิบ มหาชัย,rawmat_CWF-240-31*43-เขียว-SCG,0,product.uom_รีม
,,วัตถุดิบ มหาชัย,rawmat_CWF-240-31*43-เหลือง-SCG,0,product.uom_รีม
,,วัตถุดิบ มหาชัย,rawmat_GB-24A-27*31-RT,0,product.uom_รีม
,,วัตถุดิบ มหาชัย,rawmat_GAC-250-17_7*25_1-เทาอ่อน-HK,0,product.uom_รีม
,,วัตถุดิบ มหาชัย,rawmat_GAC-250-19_6*27_5-เทา-HK,0,product.uom_รีม
,,วัตถุดิบ มหาชัย,product_rawmat_mahachai_99,0,product.uom_รีม
,,วัตถุดิบ มหาชัย,rawmat_GAC-250-27_5*39_3-น้ำตาลเข้ม-HK,0,product.uom_รีม
,,วัตถุดิบ มหาชัย,rawmat_GAC-250-27_5*39-น้ำเงินเข้ม-HK,0,product.uom_รีม
,,วัตถุดิบ มหาชัย,rawmat_GBW-250-31*43-TP,0,product.uom_รีม
,,วัตถุดิบ มหาชัย,rawmat_GW-250-31*43-TP,0,product.uom_รีม
,,วัตถุดิบ มหาชัย,rawmat_GWB-250-31*43-อิตาลี,0,product.uom_รีม
,,วัตถุดิบ มหาชัย,product_rawmat_mahachai_95,0,product.uom_รีม
,,วัตถุดิบ มหาชัย,rawmat_GAC-250-34_6*24_8-เทาเข้ม-HK,0,product.uom_รีม
,,วัตถุดิบ มหาชัย,rawmat_HOLO-KP42-25*2000,0,product.uom_ม้วน
,,วัตถุดิบ มหาชัย,rawmat_HOLO-KP07-25*2130,0,product.uom_ม้วน
,,วัตถุดิบ มหาชัย,product_rawmat_mahachai_154,0,product.uom_ถัง
,,วัตถุดิบ มหาชัย,product_rawmat_mahachai_155,0,product.uom_ถัง
,,วัตถุดิบ มหาชัย,rawmat_GBW-270-31*43-RT,0,product.uom_รีม
,,วัตถุดิบ มหาชัย,rawmat_GW-270-31*43-TP,0,product.uom_รีม
,,วัตถุดิบ มหาชัย,rawmat_GBW-270-37*36-TP,0,product.uom_รีม
,,วัตถุดิบ มหาชัย,product_rawmat_mahachai_96,0,product.uom_รีม
,,วัตถุดิบ มหาชัย,rawmat_GB-28A-27*31-RT,0,product.uom_รีม
,,วัตถุดิบ มหาชัย,product_rawmat_mahachai_156,0,product.uom_ถัง
,,วัตถุดิบ มหาชัย,rawmat_GAC-300-23_4*39_3-ขาวมุก-HK,0,product.uom_รีม
,,วัตถุดิบ มหาชัย,rawmat_GAC-300-29_5*44_8-ขาวมุก-HK,0,product.uom_รีม
,,วัตถุดิบ มหาชัย,rawmat_WB-310-27_5*39-INDO,0,product.uom_รีม
,,วัตถุดิบ มหาชัย,rawmat_GW-310-31*43-TP,0,product.uom_รีม
,,วัตถุดิบ มหาชัย,rawmat_GBW-310-31*43-C_A_S_,0,product.uom_รีม
,,วัตถุดิบ มหาชัย,rawmat_HOLO-KP42-31*2000,0,product.uom_ม้วน
,,วัตถุดิบ มหาชัย,rawmat_GB-32A-27*31-RT,0,product.uom_รีม
,,วัตถุดิบ มหาชัย,rawmat_CWF-350-31*43-ฟ้า-KT,0,product.uom_รีม
,,วัตถุดิบ มหาชัย,rawmat_CWF-350-31*43-ส้ม-KT,0,product.uom_รีม
,,วัตถุดิบ มหาชัย,rawmat_CWF-350-31*43-ชมพู-KT,0,product.uom_รีม
,,วัตถุดิบ มหาชัย,rawmat_CWF-350-31*43-เขียว-KT,0,product.uom_รีม
,,วัตถุดิบ มหาชัย,rawmat_CWF-350-31*43-เหลือง-KT,0,product.uom_รีม
,,วัตถุดิบ มหาชัย,rawmat_GW-350-31*43-TP,0,product.uom_รีม
,,วัตถุดิบ มหาชัย,rawmat_GBW-350-31*43-C_A_S_,0,product.uom_รีม
,,วัตถุดิบ มหาชัย,rawmat_ผ้ายาง 37_1*33_1,0,product.uom_อัน
,,วัตถุดิบ มหาชัย,rawmat_FPP-120-25*36,0,product.uom_รีม
,,วัตถุดิบ มหาชัย,product_rawmat_mahachai_147,0,product.uom_ถัง
,,วัตถุดิบ มหาชัย,product_rawmat_mahachai_101,0,product.uom_รีม
,,วัตถุดิบ มหาชัย,rawmat_GW-400-31*43-TP,0,product.uom_รีม
,,วัตถุดิบ มหาชัย,product_rawmat_mahachai_182,0,product.uom_กระป๋อง
,,วัตถุดิบ มหาชัย,rawmat_ผ้ายาง 41*35,0,product.uom_อัน
,,วัตถุดิบ มหาชัย,rawmat_GW-450-31*43-TP,0,product.uom_รีม
,,วัตถุดิบ มหาชัย,rawmat_GBW-450-31*43-TCB,0,product.uom_รีม
,,วัตถุดิบ มหาชัย,rawmat_เขียงรองตัด 46*18 120/อัน โคมิตา,0,product.uom_อัน
,,วัตถุดิบ มหาชัย,rawmat_เขียงรองตัด 47*18 55/ก_ก_ คาซุดะ,0,product.uom_อัน
,,วัตถุดิบ มหาชัย,product_rawmat_mahachai_1,0,__export__.product_uom_114
,,วัตถุดิบ มหาชัย,rawmat_NP-49-24*25-SHIN,0,product.uom_รีม
,,วัตถุดิบ มหาชัย,rawmat_GW-500-31*43-TP,0,product.uom_รีม
,,วัตถุดิบ มหาชัย,rawmat_WB-500-31*43-C_A_S_,0,product.uom_รีม
,,วัตถุดิบ มหาชัย,rawmat_GBW-500-31*43-C_A_S_,0,product.uom_รีม
,,วัตถุดิบ มหาชัย,product_rawmat_mahachai_70,0,product.uom_รีม
,,วัตถุดิบ มหาชัย,product_rawmat_mahachai_81,0,product.uom_รีม
,,วัตถุดิบ มหาชัย,rawmat_NP-50-31*43-PM,0,product.uom_รีม
,,วัตถุดิบ มหาชัย,rawmat_WF-50-25*31-BU-B,0,product.uom_รีม
,,วัตถุดิบ มหาชัย,rawmat_WF-50-26*33-BU-B,0,product.uom_รีม
,,วัตถุดิบ มหาชัย,__export__.product_product_7562,0,__export__.product_uom_114
,,วัตถุดิบ มหาชัย,__export__.product_product_7543,0,__export__.product_uom_114
,,วัตถุดิบ มหาชัย,rawmat_WF-50-28*40-BU-B,0,product.uom_รีม
,,วัตถุดิบ มหาชัย,product_rawmat_mahachai_2,0,__export__.product_uom_114
,,วัตถุดิบ มหาชัย,rawmat_WF-50-31*43-BU-B,0,product.uom_รีม
,,วัตถุดิบ มหาชัย,product_rawmat_mahachai_3,0,__export__.product_uom_114
,,วัตถุดิบ มหาชัย,product_rawmat_mahachai_4,0,__export__.product_uom_114
,,วัตถุดิบ มหาชัย,product_rawmat_mahachai_179,0,product.uom_กระป๋อง
,,วัตถุดิบ มหาชัย,product_rawmat_mahachai_192,0,product.uom_กระป๋อง
,,วัตถุดิบ มหาชัย,rawmat_DW-NO_5-ขาว-SX,0,product.uom_กล่อง
,,วัตถุดิบ มหาชัย,rawmat_DW-NO_5-ขาว-_C_A_S_,0,product.uom_กล่อง
,,วัตถุดิบ มหาชัย,rawmat_BP-55-17_75*36_5-ชมพู,0,product.uom_รีม
,,วัตถุดิบ มหาชัย,product_rawmat_mahachai_9,0,__export__.product_uom_114
,,วัตถุดิบ มหาชัย,product_rawmat_mahachai_132,0,product.uom_รีม
,,วัตถุดิบ มหาชัย,product_rawmat_mahachai_131,0,product.uom_รีม
,,วัตถุดิบ มหาชัย,product_rawmat_mahachai_133,0,product.uom_รีม
,,วัตถุดิบ มหาชัย,product_rawmat_mahachai_130,0,product.uom_รีม
,,วัตถุดิบ มหาชัย,product_rawmat_mahachai_10,0,__export__.product_uom_114
,,วัตถุดิบ มหาชัย,__export__.product_product_7578,0,product.uom_รีม
,,วัตถุดิบ มหาชัย,__export__.product_product_7579,0,product.uom_รีม
,,วัตถุดิบ มหาชัย,__export__.product_product_7581,0,product.uom_รีม
,,วัตถุดิบ มหาชัย,__export__.product_product_7580,0,product.uom_รีม
,,วัตถุดิบ มหาชัย,__export__.product_product_7509,0,__export__.product_uom_114
,,วัตถุดิบ มหาชัย,__export__.product_product_7572,0,__export__.product_uom_114
,,วัตถุดิบ มหาชัย,product_rawmat_mahachai_7,0,__export__.product_uom_114
,,วัตถุดิบ มหาชัย,__export__.product_product_7574,0,__export__.product_uom_114
,,วัตถุดิบ มหาชัย,rawmat_WF-55-25*31-BU-B,0,product.uom_รีม
,,วัตถุดิบ มหาชัย,rawmat_WF-55-26*33-BU-B,0,product.uom_รีม
,,วัตถุดิบ มหาชัย,product_rawmat_mahachai_8,0,__export__.product_uom_114
,,วัตถุดิบ มหาชัย,rawmat_WF-55-30*40-BU-B,0,product.uom_รีม
,,วัตถุดิบ มหาชัย,product_rawmat_mahachai_5,0,__export__.product_uom_114
,,วัตถุดิบ มหาชัย,product_rawmat_mahachai_6,0,__export__.product_uom_114
,,วัตถุดิบ มหาชัย,product_rawmat_mahachai_84,0,product.uom_รีม
,,วัตถุดิบ มหาชัย,__export__.product_product_7615,0,product.uom_รีม
,,วัตถุดิบ มหาชัย,__export__.product_product_7542,0,product.uom_รีม
,,วัตถุดิบ มหาชัย,rawmat_WF-60-24*34-SCG,0,product.uom_รีม
,,วัตถุดิบ มหาชัย,rawmat_WF-60-24*35-AA,0,product.uom_รีม
,,วัตถุดิบ มหาชัย,__export__.product_product_7295,0,product.uom_รีม
,,วัตถุดิบ มหาชัย,product_rawmat_mahachai_71,0,product.uom_รีม
,,วัตถุดิบ มหาชัย,rawmat_WF-60-26_5*38_5-SCG,0,product.uom_รีม
,,วัตถุดิบ มหาชัย,rawmat_WF-60-27*34*SCG,0,product.uom_รีม
,,วัตถุดิบ มหาชัย,rawmat_WF-60-27*38_5-SCG,0,product.uom_รีม
,,วัตถุดิบ มหาชัย,rawmat_WF-60-28_5*38_5-SCG,0,product.uom_รีม
,,วัตถุดิบ มหาชัย,product_rawmat_mahachai_11,0,__export__.product_uom_114
,,วัตถุดิบ มหาชัย,product_rawmat_mahachai_12,0,__export__.product_uom_114
,,วัตถุดิบ มหาชัย,product_rawmat_mahachai_15,0,__export__.product_uom_114
,,วัตถุดิบ มหาชัย,rawmat_WF-60-31*43-AA,0,product.uom_รีม
,,วัตถุดิบ มหาชัย,product_rawmat_mahachai_73,0,product.uom_รีม
,,วัตถุดิบ มหาชัย,__export__.product_product_7573,0,__export__.product_uom_114
,,วัตถุดิบ มหาชัย,product_rawmat_mahachai_14,0,__export__.product_uom_114
,,วัตถุดิบ มหาชัย,product_rawmat_mahachai_82,0,product.uom_รีม
,,วัตถุดิบ มหาชัย,product_rawmat_mahachai_85,0,product.uom_รีม
,,วัตถุดิบ มหาชัย,__export__.product_product_7589,0,__export__.product_uom_114
,,วัตถุดิบ มหาชัย,product_rawmat_mahachai_72,0,product.uom_รีม
,,วัตถุดิบ มหาชัย,product_rawmat_mahachai_83,0,product.uom_รีม
,,วัตถุดิบ มหาชัย,product_rawmat_mahachai_17,0,__export__.product_uom_114
,,วัตถุดิบ มหาชัย,product_rawmat_mahachai_16,0,__export__.product_uom_114
,,วัตถุดิบ มหาชัย,__export__.product_product_7577,0,__export__.product_uom_114
,,วัตถุดิบ มหาชัย,product_rawmat_mahachai_19,0,__export__.product_uom_114
,,วัตถุดิบ มหาชัย,__export__.product_product_7591,0,__export__.product_uom_114
,,วัตถุดิบ มหาชัย,product_rawmat_mahachai_20,0,__export__.product_uom_114
,,วัตถุดิบ มหาชัย,product_rawmat_mahachai_18,0,__export__.product_uom_114
,,วัตถุดิบ มหาชัย,product_rawmat_mahachai_21,0,__export__.product_uom_114
,,วัตถุดิบ มหาชัย,product_rawmat_mahachai_22,0,__export__.product_uom_114
,,วัตถุดิบ มหาชัย,product_rawmat_mahachai_24,0,__export__.product_uom_114
,,วัตถุดิบ มหาชัย,product_rawmat_mahachai_23,0,__export__.product_uom_114
,,วัตถุดิบ มหาชัย,product_rawmat_mahachai_13,0,__export__.product_uom_114
,,วัตถุดิบ มหาชัย,rawmat_กาวลาเท็กซ์   610 150/ก_ป_,0,product.uom_ถัง
,,วัตถุดิบ มหาชัย,rawmat_กาวลาเท็กซ์ 620 100/ก_ก_,0,product.uom_ถัง
,,วัตถุดิบ มหาชัย,product_rawmat_mahachai_178,0,product.uom_กระป๋อง
,,วัตถุดิบ มหาชัย,rawmat_DW-NO_6-ดำ-SX,0,product.uom_กล่อง
,,วัตถุดิบ มหาชัย,rawmat_DW-NO_6-ขาว-SX,0,product.uom_กล่อง
,,วัตถุดิบ มหาชัย,rawmat_DW-NO_6-ดำ-C_A_S_,0,product.uom_กล่อง
,,วัตถุดิบ มหาชัย,rawmat_DW-NO_6-ขาว-C_A_S_,0,product.uom_กล่อง
,,วัตถุดิบ มหาชัย,rawmat_GR-65-24*35-SCG,0,product.uom_รีม
,,วัตถุดิบ มหาชัย,rawmat_GR-65-31*43-SCG,0,product.uom_รีม
,,วัตถุดิบ มหาชัย,product_rawmat_mahachai_148,0,product.uom_ถัง
,,วัตถุดิบ มหาชัย,product_rawmat_mahachai_88,0,product.uom_รีม
,,วัตถุดิบ มหาชัย,product_rawmat_mahachai_25,0,__export__.product_uom_114
,,วัตถุดิบ มหาชัย,__export__.product_product_7570,0,__export__.product_uom_114
,,วัตถุดิบ มหาชัย,__export__.product_product_7561,0,product.uom_รีม
,,วัตถุดิบ มหาชัย,rawmat_WF-70-24*34-SCG,0,product.uom_รีม
,,วัตถุดิบ มหาชัย,rawmat_WF-70-24*35-AA,0,product.uom_รีม
,,วัตถุดิบ มหาชัย,rawmat_WF-70-24*35-SCG,0,product.uom_รีม
,,วัตถุดิบ มหาชัย,product_rawmat_mahachai_87,0,product.uom_รีม
,,วัตถุดิบ มหาชัย,product_rawmat_mahachai_45,0,product.uom_รีม
,,วัตถุดิบ มหาชัย,product_rawmat_mahachai_46,0,product.uom_รีม
,,วัตถุดิบ มหาชัย,rawmat_WF-70-26*33-SCG,0,product.uom_รีม
,,วัตถุดิบ มหาชัย,rawmat_WF-26_5*38_5-AA,0,product.uom_รีม
,,วัตถุดิบ มหาชัย,rawmat_WF-26_5*38_5-SCG,0,product.uom_รีม
,,วัตถุดิบ มหาชัย,rawmat_WF-70-27*34-AA,0,product.uom_รีม
,,วัตถุดิบ มหาชัย,rawmat_WF-70-27*34-SCG,0,product.uom_รีม
,,วัตถุดิบ มหาชัย,rawmat_WF-70-28*40-SCG,0,product.uom_รีม
,,วัตถุดิบ มหาชัย,product_rawmat_mahachai_27,0,__export__.product_uom_114
,,วัตถุดิบ มหาชัย,rawmat_PP-WS-0_23-570*740-NR,0,product.uom_รีม
,,วัตถุดิบ มหาชัย,rawmat_WF-70-31*43-SCG,0,product.uom_รีม
,,วัตถุดิบ มหาชัย,rawmat_NPR-70-31*43-SCG,0,product.uom_รีม
,,วัตถุดิบ มหาชัย,__export__.product_product_7587,0,__export__.product_uom_114
,,วัตถุดิบ มหาชัย,product_rawmat_mahachai_26,0,__export__.product_uom_114
,,วัตถุดิบ มหาชัย,product_rawmat_mahachai_28,0,__export__.product_uom_114
,,วัตถุดิบ มหาชัย,product_rawmat_mahachai_74,0,product.uom_รีม
,,วัตถุดิบ มหาชัย,__export__.product_product_7563,0,product.uom_รีม
,,วัตถุดิบ มหาชัย,product_rawmat_mahachai_29,0,__export__.product_uom_114
,,วัตถุดิบ มหาชัย,__export__.product_product_7590,0,__export__.product_uom_114
,,วัตถุดิบ มหาชัย,product_rawmat_mahachai_75,0,product.uom_รีม
,,วัตถุดิบ มหาชัย,product_rawmat_mahachai_86,0,product.uom_รีม
,,วัตถุดิบ มหาชัย,product_rawmat_mahachai_30,0,__export__.product_uom_114
,,วัตถุดิบ มหาชัย,product_rawmat_mahachai_31,0,__export__.product_uom_114
,,วัตถุดิบ มหาชัย,product_rawmat_mahachai_33,0,__export__.product_uom_114
,,วัตถุดิบ มหาชัย,product_rawmat_mahachai_32,0,__export__.product_uom_114
,,วัตถุดิบ มหาชัย,rawmat_GR-75-24*35-SCG,0,product.uom_รีม
,,วัตถุดิบ มหาชัย,product_rawmat_mahachai_65,0,product.uom_รีม
,,วัตถุดิบ มหาชัย,product_rawmat_mahachai_66,0,product.uom_รีม
,,วัตถุดิบ มหาชัย,product_rawmat_mahachai_67,0,product.uom_รีม
,,วัตถุดิบ มหาชัย,product_rawmat_mahachai_68,0,product.uom_รีม
,,วัตถุดิบ มหาชัย,product_rawmat_mahachai_69,0,product.uom_รีม
,,วัตถุดิบ มหาชัย,rawmat_GR-75-31*43-SCG,0,product.uom_รีม
,,วัตถุดิบ มหาชัย,product_rawmat_mahachai_41,0,__export__.product_uom_114
,,วัตถุดิบ มหาชัย,product_rawmat_mahachai_42,0,__export__.product_uom_114
,,วัตถุดิบ มหาชัย,product_rawmat_mahachai_43,0,__export__.product_uom_114
,,วัตถุดิบ มหาชัย,product_rawmat_mahachai_44,0,__export__.product_uom_114
,,วัตถุดิบ มหาชัย,product_rawmat_mahachai_175,0,product.uom_กระป๋อง
,,วัตถุดิบ มหาชัย,rawmat_DW-NO_7-ดำ-SX,0,product.uom_กล่อง
,,วัตถุดิบ มหาชัย,rawmat_DW-NO_7-ขาว-SX,0,product.uom_กล่อง
,,วัตถุดิบ มหาชัย,rawmat_DW-NO_7-ขาวC_A_S_,0,product.uom_กล่อง
,,วัตถุดิบ มหาชัย,rawmat_DW-NO_7-เงิน-C_A_S_,0,product.uom_กล่อง
,,วัตถุดิบ มหาชัย,rawmat_DW-NO_7-น้ำเงินC_A_S_,0,product.uom_กล่อง
,,วัตถุดิบ มหาชัย,product_rawmat_mahachai_34,0,__export__.product_uom_114
,,วัตถุดิบ มหาชัย,product_rawmat_mahachai_78,0,product.uom_รีม
,,วัตถุดิบ มหาชัย,product_rawmat_mahachai_77,0,product.uom_รีม
,,วัตถุดิบ มหาชัย,rawmat_NPR-80-20*25-SCG,0,product.uom_แผ่น
,,วัตถุดิบ มหาชัย,product_rawmat_mahachai_91,0,product.uom_รีม
,,วัตถุดิบ มหาชัย,rawmat_WF-60-24*35-SCG,0,product.uom_รีม
,,วัตถุดิบ มหาชัย,rawmat_WF-50-23_5*33-BU-B,0,product.uom_รีม
,,วัตถุดิบ มหาชัย,product_rawmat_mahachai_35,0,__export__.product_uom_114
,,วัตถุดิบ มหาชัย,product_rawmat_mahachai_90,0,product.uom_รีม
,,วัตถุดิบ มหาชัย,product_rawmat_mahachai_49,0,product.uom_รีม
,,วัตถุดิบ มหาชัย,product_rawmat_mahachai_58,0,product.uom_รีม
,,วัตถุดิบ มหาชัย,product_rawmat_mahachai_59,0,product.uom_รีม
,,วัตถุดิบ มหาชัย,product_rawmat_mahachai_60,0,product.uom_รีม
,,วัตถุดิบ มหาชัย,product_rawmat_mahachai_61,0,product.uom_รีม
,,วัตถุดิบ มหาชัย,product_rawmat_mahachai_62,0,product.uom_รีม
,,วัตถุดิบ มหาชัย,product_rawmat_mahachai_63,0,product.uom_รีม
,,วัตถุดิบ มหาชัย,product_rawmat_mahachai_64,0,product.uom_รีม
,,วัตถุดิบ มหาชัย,product_rawmat_mahachai_50,0,product.uom_รีม
,,วัตถุดิบ มหาชัย,product_rawmat_mahachai_51,0,product.uom_รีม
,,วัตถุดิบ มหาชัย,product_rawmat_mahachai_52,0,product.uom_รีม
,,วัตถุดิบ มหาชัย,product_rawmat_mahachai_53,0,product.uom_รีม
,,วัตถุดิบ มหาชัย,product_rawmat_mahachai_54,0,product.uom_รีม
,,วัตถุดิบ มหาชัย,product_rawmat_mahachai_55,0,product.uom_รีม
,,วัตถุดิบ มหาชัย,product_rawmat_mahachai_56,0,product.uom_รีม
,,วัตถุดิบ มหาชัย,product_rawmat_mahachai_57,0,product.uom_รีม
,,วัตถุดิบ มหาชัย,rawmat_WF-80-27*34-BU,0,product.uom_รีม
,,วัตถุดิบ มหาชัย,product_rawmat_mahachai_37,0,__export__.product_uom_114
,,วัตถุดิบ มหาชัย,rawmat_DP-80-31*43-SS,0,product.uom_รีม
,,วัตถุดิบ มหาชัย,product_rawmat_mahachai_80,0,product.uom_รีม
,,วัตถุดิบ มหาชัย,rawmat_WF-80-31*43-SCG,0,product.uom_รีม
,,วัตถุดิบ มหาชัย,product_rawmat_mahachai_36,0,__export__.product_uom_114
,,วัตถุดิบ มหาชัย,product_rawmat_mahachai_89,0,product.uom_รีม
,,วัตถุดิบ มหาชัย,product_rawmat_mahachai_47,0,product.uom_รีม
,,วัตถุดิบ มหาชัย,product_rawmat_mahachai_48,0,product.uom_รีม
,,วัตถุดิบ มหาชัย,__export__.product_product_7560,0,product.uom_รีม
,,วัตถุดิบ มหาชัย,product_rawmat_mahachai_38,0,__export__.product_uom_114
,,วัตถุดิบ มหาชัย,product_rawmat_mahachai_173,0,product.uom_กระป๋อง
,,วัตถุดิบ มหาชัย,rawmat_DW-NO_8-ดำ-C_A_S_,0,product.uom_กล่อง
,,วัตถุดิบ มหาชัย,rawmat_DW-NO_8-ขาว-C_A_S_,0,product.uom_กล่อง
,,วัตถุดิบ มหาชัย,rawmat_GB-8A-27*31-RT,0,product.uom_รีม
,,วัตถุดิบ มหาชัย,product_rawmat_mahachai_134,0,product.uom_รีม
,,วัตถุดิบ มหาชัย,rawmat_GB-8B-27*31-KPB,0,product.uom_รีม
,,วัตถุดิบ มหาชัย,rawmat_GB-8B-31*43-KPB,0,product.uom_รีม
,,วัตถุดิบ มหาชัย,product_rawmat_mahachai_149,0,product.uom_ถัง
,,วัตถุดิบ มหาชัย,product_rawmat_mahachai_143,0,product.uom_รีม
,,วัตถุดิบ มหาชัย,rawmat_DP-90-25_5*42-SS,0,product.uom_รีม
,,วัตถุดิบ มหาชัย,rawmat_DP-90-31*43-SS,0,product.uom_รีม
,,วัตถุดิบ มหาชัย,rawmat_GAP-90-31*43-SCG,0,product.uom_รีม
,,วัตถุดิบ มหาชัย,product_rawmat_mahachai_138,0,product.uom_รีม
,,วัตถุดิบ มหาชัย,rawmat_DW-NO_9-ดำ-SX,0,product.uom_กล่อง
,,วัตถุดิบ มหาชัย,rawmat_DW-NO_9-ขาว-SX,0,product.uom_กล่อง
,,วัตถุดิบ มหาชัย,rawmat_DW-NO_9-ดำ-C_A_S_,0,product.uom_กล่อง
,,วัตถุดิบ มหาชัย,rawmat_DW-NO_9-ขาว-C_A_S_,0,product.uom_กล่อง
,,วัตถุดิบ มหาชัย,rawmat_DW-NO_9-เงินเงา-C_A_S_,0,product.uom_กล่อง
,,วัตถุดิบ มหาชัย,rawmat_I-ดำเงา-PANO,0,product.uom_กระป๋อง
,,วัตถุดิบ มหาชัย,rawmat_I-ดำเงา-TRS,0,product.uom_กระป๋อง
,,วัตถุดิบ มหาชัย,rawmat_I-ฟ้าเงา-TRS,0,product.uom_กระป๋อง
,,วัตถุดิบ มหาชัย,rawmat_I-เหลืองเงา-TRS,0,product.uom_กระป๋อง
,,วัตถุดิบ มหาชัย,product_rawmat_mahachai_174,0,product.uom_กระป๋อง
,,วัตถุดิบ มหาชัย,__export__.product_product_7586,0,product.uom_ขวด
,,วัตถุดิบ มหาชัย,product_rawmat_mahachai_172,0,product.uom_กระป๋อง
,,วัตถุดิบ มหาชัย,product_rawmat_mahachai_92,0,product.uom_รีม
,,วัตถุดิบ มหาชัย,__export__.product_product_7564,0,product.uom_รีม
,,วัตถุดิบ มหาชัย,__export__.product_product_7515,0,product.uom_รีม
,,วัตถุดิบ มหาชัย,product_rawmat_mahachai_180,0,product.uom_กระป๋อง
,,วัตถุดิบ มหาชัย,rawmat_PP-MW-0_18-400*800-MIZ,0,__export__.product_uom_114
,,วัตถุดิบ มหาชัย,product_rawmat_mahachai_136,0,__export__.product_uom_114
,,วัตถุดิบ มหาชัย,rawmat_PP-MW-0_18-540*710-MIZ,0,__export__.product_uom_114
,,วัตถุดิบ มหาชัย,rawmat_PP-MW-0_18-550*790-MIZ,0,__export__.product_uom_114
,,วัตถุดิบ มหาชัย,rawmat_PP-MW-0_2-520*750-MIZ,0,__export__.product_uom_114
,,วัตถุดิบ มหาชัย,rawmat_PP-MW-0_18-690*790-MIZ,0,__export__.product_uom_114
,,วัตถุดิบ มหาชัย,__export__.product_product_7496,0,__export__.product_uom_114
,,วัตถุดิบ มหาชัย,rawmat_PP-WS-0_25-520*750-MIZ,0,__export__.product_uom_114
,,วัตถุดิบ มหาชัย,rawmat_PP-MW-0_2-560*770-MIZ,0,__export__.product_uom_114
,,วัตถุดิบ มหาชัย,rawmat_PP-DC-0_2-660*920-MIZ,0,__export__.product_uom_114
,,วัตถุดิบ มหาชัย,rawmat_PP-BLK-0_45-460*640-MIZ,0,__export__.product_uom_114
,,วัตถุดิบ มหาชัย,rawmat_PP-OW-0_45-460*640-NR,0,__export__.product_uom_114
,,วัตถุดิบ มหาชัย,rawmat_PP-DC-0_45-460*640-NR,0,__export__.product_uom_114
,,วัตถุดิบ มหาชัย,rawmat_PP-BLK-0_45-560*770-MIZ,0,__export__.product_uom_114
,,วัตถุดิบ มหาชัย,rawmat_PP-B-0_45-460*770-NR,0,__export__.product_uom_114
,,วัตถุดิบ มหาชัย,rawmat_PP-OW-0_45-560*770-NR,0,__export__.product_uom_114
,,วัตถุดิบ มหาชัย,rawmat_PP-P-0_45-460*770-NR,0,__export__.product_uom_114
,,วัตถุดิบ มหาชัย,rawmat_PP-GR-0_45-460*770-NR,0,__export__.product_uom_114
,,วัตถุดิบ มหาชัย,rawmat_PP-OW-0_45-640*770-NR,0,__export__.product_uom_114
,,วัตถุดิบ มหาชัย,rawmat_PP-OW-0_45-640*880-NR,0,__export__.product_uom_114
,,วัตถุดิบ มหาชัย,rawmat_PP-SB-0_55-560*770-MIZ,0,__export__.product_uom_114
,,วัตถุดิบ มหาชัย,rawmat_PP-SP-0_55-560*770-MIZ,0,__export__.product_uom_114
,,วัตถุดิบ มหาชัย,rawmat_PP-DC-0_6-530*750-NR,0,__export__.product_uom_114
,,วัตถุดิบ มหาชัย,product_rawmat_mahachai_170,0,product.uom_กระป๋อง
